Modelo,Tipo,Horizonte,Período,Forecast,IC 1σ Inf,IC 1σ Sup,IC 2σ Inf,IC 2σ Sup,P10,P50,P90,Desvio σ
ARIMA,Histórico,0,2017-01-01T02:00:00.000Z,0,0,178443.66,0,356887.31,0,0,228407.88,178443.66
ARIMA,Histórico,0,2017-02-01T02:00:00.000Z,7450.9,0,185894.56,0,364338.21,0,7450.9,235858.78,178443.66
ARIMA,Histórico,0,2017-03-01T03:00:00.000Z,10768.05,0,189211.7,0,367655.36,0,10768.05,239175.93,178443.66
ARIMA,Histórico,0,2017-04-01T03:00:00.000Z,12806.73,0,191250.39,0,369694.05,0,12806.73,241214.61,178443.66
ARIMA,Histórico,0,2017-05-01T03:00:00.000Z,15627.55,0,194071.21,0,372514.87,0,15627.55,244035.43,178443.66
ARIMA,Histórico,0,2017-06-01T03:00:00.000Z,18518.41,0,196962.06,0,375405.72,0,18518.41,246926.29,178443.66
ARIMA,Histórico,0,2017-07-01T03:00:00.000Z,21746.83,0,200190.49,0,378634.15,0,21746.83,250154.71,178443.66
ARIMA,Histórico,0,2017-08-01T03:00:00.000Z,21776.53,0,200220.19,0,378663.84,0,21776.53,250184.41,178443.66
ARIMA,Histórico,0,2017-09-01T03:00:00.000Z,26053.03,0,204496.69,0,382940.35,0,26053.03,254460.91,178443.66
ARIMA,Histórico,0,2017-10-01T03:00:00.000Z,26888.77,0,205332.43,0,383776.08,0,26888.77,255296.65,178443.66
ARIMA,Histórico,0,2017-11-01T02:00:00.000Z,32977.71,0,211421.36,0,389865.02,0,32977.71,261385.59,178443.66
ARIMA,Histórico,0,2017-12-01T02:00:00.000Z,39991.25,0,218434.9,0,396878.56,0,39991.25,268399.13,178443.66
ARIMA,Histórico,0,2018-01-01T02:00:00.000Z,50099.48,0,228543.13,0,406986.79,0,50099.48,278507.36,178443.66
ARIMA,Histórico,0,2018-02-01T02:00:00.000Z,45779.48,0,224223.14,0,402666.79,0,45779.48,274187.36,178443.66
ARIMA,Histórico,0,2018-03-01T03:00:00.000Z,41378.68,0,219822.34,0,398266,0,41378.68,269786.56,178443.66
ARIMA,Histórico,0,2018-04-01T03:00:00.000Z,57810.54,0,236254.19,0,414697.85,0,57810.54,286218.42,178443.66
ARIMA,Histórico,0,2018-05-01T03:00:00.000Z,62338.15,0,240781.81,0,419225.47,0,62338.15,290746.03,178443.66
ARIMA,Histórico,0,2018-06-01T03:00:00.000Z,67609,0,246052.65,0,424496.31,0,67609,296016.88,178443.66
ARIMA,Histórico,0,2018-07-01T03:00:00.000Z,48065.89,0,226509.55,0,404953.2,0,48065.89,276473.77,178443.66
ARIMA,Histórico,0,2018-08-01T03:00:00.000Z,74181.1,0,252624.76,0,431068.41,0,74181.1,302588.98,178443.66
ARIMA,Histórico,0,2018-09-01T03:00:00.000Z,58972.66,0,237416.32,0,415859.98,0,58972.66,287380.54,178443.66
ARIMA,Histórico,0,2018-10-01T03:00:00.000Z,85815.03,0,264258.69,0,442702.34,0,85815.03,314222.91,178443.66
ARIMA,Histórico,0,2018-11-01T03:00:00.000Z,74202.17,0,252645.82,0,431089.48,0,74202.17,302610.05,178443.66
ARIMA,Histórico,0,2018-12-01T02:00:00.000Z,116580.34,0,295024,0,473467.65,0,116580.34,344988.22,178443.66
ARIMA,Histórico,0,2019-01-01T02:00:00.000Z,114334.18,0,292777.84,0,471221.5,0,114334.18,342742.06,178443.66
ARIMA,Histórico,0,2019-02-01T02:00:00.000Z,104487.87,0,282931.53,0,461375.18,0,104487.87,332895.75,178443.66
ARIMA,Histórico,0,2019-03-01T03:00:00.000Z,145318.31,0,323761.97,0,502205.63,0,145318.31,373726.19,178443.66
ARIMA,Histórico,0,2019-04-01T03:00:00.000Z,169255.87,0,347699.53,0,526143.19,0,169255.87,397663.75,178443.66
ARIMA,Histórico,0,2019-05-01T03:00:00.000Z,85324.54,0,263768.2,0,442211.85,0,85324.54,313732.42,178443.66
ARIMA,Histórico,0,2019-06-01T03:00:00.000Z,160480.84,0,338924.49,0,517368.15,0,160480.84,388888.72,178443.66
ARIMA,Histórico,0,2019-07-01T03:00:00.000Z,107439.79,0,285883.45,0,464327.1,0,107439.79,335847.67,178443.66
ARIMA,Histórico,0,2019-08-01T03:00:00.000Z,166319.04,0,344762.69,0,523206.35,0,166319.04,394726.92,178443.66
ARIMA,Histórico,0,2019-09-01T03:00:00.000Z,121170.22,0,299613.88,0,478057.54,0,121170.22,349578.11,178443.66
ARIMA,Histórico,0,2019-10-01T03:00:00.000Z,173842.82,0,352286.47,0,530730.13,0,173842.82,402250.7,178443.66
ARIMA,Histórico,0,2019-11-01T03:00:00.000Z,138791.14,0,317234.8,0,495678.46,0,138791.14,367199.02,178443.66
ARIMA,Histórico,0,2019-12-01T03:00:00.000Z,168295.76,0,346739.42,0,525183.08,0,168295.76,396703.64,178443.66
ARIMA,Histórico,0,2020-01-01T03:00:00.000Z,149795.4,0,328239.06,0,506682.71,0,149795.4,378203.28,178443.66
ARIMA,Histórico,0,2020-02-01T03:00:00.000Z,173261.74,0,351705.4,0,530149.06,0,173261.74,401669.62,178443.66
ARIMA,Histórico,0,2020-03-01T03:00:00.000Z,161460.36,0,339904.02,0,518347.68,0,161460.36,389868.25,178443.66
ARIMA,Histórico,0,2020-04-01T03:00:00.000Z,180841.27,2397.61,359284.93,0,537728.58,0,180841.27,409249.15,178443.66
ARIMA,Histórico,0,2020-05-01T03:00:00.000Z,163727.16,0,342170.81,0,520614.47,0,163727.16,392135.04,178443.66
ARIMA,Histórico,0,2020-06-01T03:00:00.000Z,183346.33,4902.67,361789.99,0,540233.64,0,183346.33,411754.21,178443.66
ARIMA,Histórico,0,2020-07-01T03:00:00.000Z,168392.39,0,346836.04,0,525279.7,0,168392.39,396800.27,178443.66
ARIMA,Histórico,0,2020-08-01T03:00:00.000Z,182881.09,4437.44,361324.75,0,539768.41,0,182881.09,411288.98,178443.66
ARIMA,Histórico,0,2020-09-01T03:00:00.000Z,172488.5,0,350932.16,0,529375.82,0,172488.5,400896.39,178443.66
ARIMA,Histórico,0,2020-10-01T03:00:00.000Z,185128.45,6684.8,363572.11,0,542015.77,0,185128.45,413536.33,178443.66
ARIMA,Histórico,0,2020-11-01T03:00:00.000Z,179269.74,826.08,357713.4,0,536157.05,0,179269.74,407677.62,178443.66
ARIMA,Histórico,0,2020-12-01T03:00:00.000Z,205818.67,27375.02,384262.33,0,562705.99,0,205818.67,434226.56,178443.66
ARIMA,Histórico,0,2021-01-01T03:00:00.000Z,207150.31,28706.65,385593.97,0,564037.62,0,207150.31,435558.19,178443.66
ARIMA,Histórico,0,2021-02-01T03:00:00.000Z,256268.21,77824.56,434711.87,0,613155.53,27860.33,256268.21,484676.09,178443.66
ARIMA,Histórico,0,2021-03-01T03:00:00.000Z,132055.15,0,310498.81,0,488942.46,0,132055.15,360463.03,178443.66
ARIMA,Histórico,0,2021-04-01T03:00:00.000Z,251598.67,73155.01,430042.32,0,608485.98,23190.78,251598.67,480006.55,178443.66
ARIMA,Histórico,0,2021-05-01T03:00:00.000Z,155556.26,0,333999.92,0,512443.57,0,155556.26,383964.14,178443.66
ARIMA,Histórico,0,2021-06-01T03:00:00.000Z,261701.66,83258,440145.32,0,618588.97,33293.78,261701.66,490109.54,178443.66
ARIMA,Histórico,0,2021-07-01T03:00:00.000Z,151128.78,0,329572.44,0,508016.1,0,151128.78,379536.66,178443.66
ARIMA,Histórico,0,2021-08-01T03:00:00.000Z,234442.7,55999.04,412886.36,0,591330.01,6034.82,234442.7,462850.58,178443.66
ARIMA,Histórico,0,2021-09-01T03:00:00.000Z,174456.62,0,352900.27,0,531343.93,0,174456.62,402864.5,178443.66
ARIMA,Histórico,0,2021-10-01T03:00:00.000Z,248303.29,69859.63,426746.94,0,605190.6,19895.41,248303.29,476711.17,178443.66
ARIMA,Histórico,0,2021-11-01T03:00:00.000Z,1247057.59,1068613.94,1425501.25,890170.28,1603944.91,1018649.71,1247057.59,1475465.48,178443.66
ARIMA,Histórico,0,2021-12-01T03:00:00.000Z,191447.89,13004.23,369891.54,0,548335.2,0,191447.89,419855.77,178443.66
ARIMA,Histórico,0,2022-01-01T03:00:00.000Z,217735.29,39291.63,396178.94,0,574622.6,0,217735.29,446143.17,178443.66
ARIMA,Histórico,0,2022-02-01T03:00:00.000Z,189508.33,11064.67,367951.99,0,546395.64,0,189508.33,417916.21,178443.66
ARIMA,Histórico,0,2022-03-01T03:00:00.000Z,207424.49,28980.84,385868.15,0,564311.81,0,207424.49,435832.38,178443.66
ARIMA,Histórico,0,2022-04-01T03:00:00.000Z,197009,18565.35,375452.66,0,553896.32,0,197009,425416.88,178443.66
ARIMA,Histórico,0,2022-05-01T03:00:00.000Z,199577.55,21133.89,378021.2,0,556464.86,0,199577.55,427985.43,178443.66
ARIMA,Histórico,0,2022-06-01T03:00:00.000Z,208480.4,30036.74,386924.05,0,565367.71,0,208480.4,436888.28,178443.66
ARIMA,Histórico,0,2022-07-01T03:00:00.000Z,217251.85,38808.2,395695.51,0,574139.17,0,217251.85,445659.73,178443.66
ARIMA,Histórico,0,2022-08-01T03:00:00.000Z,247566.73,69123.07,426010.39,0,604454.05,19158.85,247566.73,475974.61,178443.66
ARIMA,Histórico,0,2022-09-01T03:00:00.000Z,165843.62,0,344287.27,0,522730.93,0,165843.62,394251.5,178443.66
ARIMA,Histórico,0,2022-10-01T03:00:00.000Z,222059.77,43616.11,400503.43,0,578947.09,0,222059.77,450467.65,178443.66
ARIMA,Histórico,0,2022-11-01T03:00:00.000Z,177958.37,0,356402.03,0,534845.69,0,177958.37,406366.25,178443.66
ARIMA,Histórico,0,2022-12-01T03:00:00.000Z,208097.15,29653.5,386540.81,0,564984.47,0,208097.15,436505.04,178443.66
ARIMA,Histórico,0,2023-01-01T03:00:00.000Z,196478.03,18034.37,374921.69,0,553365.34,0,196478.03,424885.91,178443.66
ARIMA,Histórico,0,2023-02-01T03:00:00.000Z,212478.17,34034.51,390921.83,0,569365.48,0,212478.17,440886.05,178443.66
ARIMA,Histórico,0,2023-03-01T03:00:00.000Z,176244.22,0,354687.88,0,533131.54,0,176244.22,404652.11,178443.66
ARIMA,Histórico,0,2023-04-01T03:00:00.000Z,232356.01,53912.35,410799.66,0,589243.32,3948.13,232356.01,460763.89,178443.66
ARIMA,Histórico,0,2023-05-01T03:00:00.000Z,178348.48,0,356792.13,0,535235.79,0,178348.48,406756.36,178443.66
ARIMA,Histórico,0,2023-06-01T03:00:00.000Z,1151610.48,973166.82,1330054.14,794723.17,1508497.8,923202.6,1151610.48,1380018.36,178443.66
ARIMA,Histórico,0,2023-07-01T03:00:00.000Z,185007.29,6563.63,363450.95,0,541894.61,0,185007.29,413415.17,178443.66
ARIMA,Histórico,0,2023-08-01T03:00:00.000Z,184586.34,6142.68,363030,0,541473.65,0,184586.34,412994.22,178443.66
ARIMA,Histórico,0,2023-09-01T03:00:00.000Z,183291.56,4847.91,361735.22,0,540178.88,0,183291.56,411699.45,178443.66
ARIMA,Histórico,0,2023-10-01T03:00:00.000Z,185766.13,7322.47,364209.78,0,542653.44,0,185766.13,414174.01,178443.66
ARIMA,Histórico,0,2023-11-01T03:00:00.000Z,200385.06,21941.4,378828.72,0,557272.38,0,200385.06,428792.94,178443.66
ARIMA,Histórico,0,2023-12-01T03:00:00.000Z,201802.94,23359.28,380246.6,0,558690.25,0,201802.94,430210.82,178443.66
ARIMA,Histórico,0,2024-01-01T03:00:00.000Z,199424.64,20980.98,377868.29,0,556311.95,0,199424.64,427832.52,178443.66
ARIMA,Histórico,0,2024-02-01T03:00:00.000Z,234056.22,55612.56,412499.88,0,590943.53,5648.34,234056.22,462464.1,178443.66
ARIMA,Histórico,0,2024-03-01T03:00:00.000Z,127233.19,0,305676.85,0,484120.51,0,127233.19,355641.07,178443.66
ARIMA,Histórico,0,2024-04-01T03:00:00.000Z,218928.36,40484.7,397372.02,0,575815.67,0,218928.36,447336.24,178443.66
ARIMA,Histórico,0,2024-05-01T03:00:00.000Z,138442.38,0,316886.04,0,495329.7,0,138442.38,366850.26,178443.66
ARIMA,Histórico,0,2024-06-01T03:00:00.000Z,210523.57,32079.91,388967.23,0,567410.88,0,210523.57,438931.45,178443.66
ARIMA,Histórico,0,2024-07-01T03:00:00.000Z,142703.32,0,321146.98,0,499590.63,0,142703.32,371111.2,178443.66
ARIMA,Histórico,0,2024-08-01T03:00:00.000Z,195084.63,16640.98,373528.29,0,551971.95,0,195084.63,423492.52,178443.66
ARIMA,Histórico,0,2024-09-01T03:00:00.000Z,163806.8,0,342250.46,0,520694.12,0,163806.8,392214.68,178443.66
ARIMA,Histórico,0,2024-10-01T03:00:00.000Z,196374.53,17930.87,374818.19,0,553261.84,0,196374.53,424782.41,178443.66
ARIMA,Histórico,0,2024-11-01T03:00:00.000Z,195006.9,16563.24,373450.56,0,551894.21,0,195006.9,423414.78,178443.66
ARIMA,Histórico,0,2024-12-01T03:00:00.000Z,134112.65,0,312556.3,0,490999.96,0,134112.65,362520.53,178443.66
ARIMA,Histórico,0,2025-01-01T03:00:00.000Z,1894369.3,1715925.65,2072812.96,1537481.99,2251256.62,1665961.42,1894369.3,2122777.18,178443.66
ARIMA,Histórico,0,2025-02-01T03:00:00.000Z,151801.64,0,330245.3,0,508688.95,0,151801.64,380209.52,178443.66
ARIMA,Histórico,0,2025-03-01T03:00:00.000Z,184442.78,5999.12,362886.43,0,541330.09,0,184442.78,412850.66,178443.66
ARIMA,Histórico,0,2025-04-01T03:00:00.000Z,154312.24,0,332755.9,0,511199.55,0,154312.24,382720.12,178443.66
ARIMA,Histórico,0,2025-05-01T03:00:00.000Z,175093.36,0,353537.02,0,531980.67,0,175093.36,403501.24,178443.66
ARIMA,Histórico,0,2025-06-01T03:00:00.000Z,136021.9,0,314465.56,0,492909.22,0,136021.9,364429.78,178443.66
ARIMA,Histórico,0,2025-07-01T03:00:00.000Z,169621.28,0,348064.94,0,526508.6,0,169621.28,398029.17,178443.66
ARIMA,Histórico,0,2025-08-01T03:00:00.000Z,143413.82,0,321857.48,0,500301.14,0,143413.82,371821.7,178443.66
ARIMA,Backtest,1,2025-09-01T03:00:00.000Z,164069.71,0,337327.72,0,510585.73,0,164069.71,385839.97,173258.01
ARIMA,Backtest,2,2025-10-01T03:00:00.000Z,183311.47,25819.99,340802.95,0,498294.44,0,183311.47,384900.57,157491.48
ARIMA,Backtest,3,2025-11-01T03:00:00.000Z,159108.24,2766.66,315449.83,0,471791.41,0,159108.24,359225.47,156341.59
ARIMA,Backtest,4,2025-12-01T03:00:00.000Z,188059.95,16460.61,359659.29,0,531258.63,0,188059.95,407707.1,171599.34
ARIMA,Backtest,5,2026-01-01T03:00:00.000Z,160936.82,0,324040.19,0,487143.56,0,160936.82,369709.13,163103.37
ARIMA,Backtest,6,2026-02-01T03:00:00.000Z,192283.62,32438.37,352128.88,0,511974.13,0,192283.62,396885.55,159845.25
ARIMA,Backtest,7,2026-03-01T03:00:00.000Z,162722.48,0,333793.74,0,504865,0,162722.48,381693.69,171071.26
ARIMA,Backtest,8,2026-04-01T03:00:00.000Z,196603.77,25798.24,367409.3,0,538214.83,0,196603.77,415234.85,170805.53
ARIMA,Backtest,9,2026-05-01T03:00:00.000Z,164403.14,0,332578.92,0,500754.7,0,164403.14,379668.14,168175.78
ARIMA,Backtest,10,2026-06-01T03:00:00.000Z,201033.69,34869.36,367198.01,0,533362.34,0,201033.69,413724.03,166164.33
ARIMA,Backtest,11,2026-07-01T03:00:00.000Z,165969.42,0,334194.93,0,502420.43,0,165969.42,381298.07,168225.51
ARIMA,Backtest,12,2026-08-01T03:00:00.000Z,205582.75,45684.86,365480.63,0,525378.52,913.46,205582.75,410252.04,159897.88
ARIMA,Forecast,1,2026-09-01T03:00:00.000Z,107312.25,-66366.69,280149.33,-239624.7,453407.35,0,48542.21,294515,173258.01
ARIMA,Forecast,2,2026-10-01T03:00:00.000Z,115331.19,-56964.11,258018.85,-214455.59,415510.34,0,53020.52,214702.19,157491.48
ARIMA,Forecast,3,2026-11-01T03:00:00.000Z,98574.86,-66864.98,245818.19,-223206.57,402159.77,0,28718.79,202804.39,156341.59
ARIMA,Forecast,4,2026-12-01T03:00:00.000Z,114699.23,-67179.03,276019.65,-238778.37,447618.99,0,42072.08,293303.36,171599.34
ARIMA,Forecast,5,2027-01-01T03:00:00.000Z,94027.37,-77526.45,248680.3,-240629.82,411783.67,0,21400.22,193398.37,163103.37
ARIMA,Forecast,6,2027-02-01T03:00:00.000Z,103916.98,-67863,251827.51,-227708.25,411672.76,0,38065.67,203287.98,159845.25
ARIMA,Forecast,7,2027-03-01T03:00:00.000Z,89188.11,-76098.08,266044.43,-247169.34,437115.68,0,23336.8,268652.1,171071.26
ARIMA,Forecast,8,2027-04-01T03:00:00.000Z,93337.79,-76333.65,265277.41,-247139.17,436082.94,0,25484.1,271941.93,170805.53
ARIMA,Forecast,9,2027-05-01T03:00:00.000Z,83184.01,-83317.87,253033.69,-251493.65,421209.47,0,10556.85,231140.36,168175.78
ARIMA,Forecast,10,2027-06-01T03:00:00.000Z,83736.37,-78598.89,253729.76,-244763.22,419894.08,0,11109.21,270939.11,166164.33
ARIMA,Forecast,11,2027-07-01T03:00:00.000Z,76311.03,-78199.79,258251.22,-246425.29,426476.73,0,22600.28,254915.16,168225.51
ARIMA,Forecast,12,2027-08-01T03:00:00.000Z,74809.66,-76912.84,242882.93,-236810.72,402780.81,0,16039.61,253413.79,159897.88
,,,,,,,,,,,,
SARIMAX-12,Histórico,0,2017-01-01T02:00:00.000Z,0,0,182223.49,0,364446.97,0,0,233246.06,182223.49
SARIMAX-12,Histórico,0,2017-02-01T02:00:00.000Z,83084.03,0,265307.52,0,447531.01,0,83084.03,316330.09,182223.49
SARIMAX-12,Histórico,0,2017-03-01T03:00:00.000Z,68500.14,0,250723.62,0,432947.11,0,68500.14,301746.2,182223.49
SARIMAX-12,Histórico,0,2017-04-01T03:00:00.000Z,3910.99,0,186134.47,0,368357.96,0,3910.99,237157.05,182223.49
SARIMAX-12,Histórico,0,2017-05-01T03:00:00.000Z,882.65,0,183106.14,0,365329.63,0,882.65,234128.71,182223.49
SARIMAX-12,Histórico,0,2017-06-01T03:00:00.000Z,22385.57,0,204609.06,0,386832.55,0,22385.57,255631.64,182223.49
SARIMAX-12,Histórico,0,2017-07-01T03:00:00.000Z,1827.03,0,184050.52,0,366274.01,0,1827.03,235073.1,182223.49
SARIMAX-12,Histórico,0,2017-08-01T03:00:00.000Z,72566.21,0,254789.7,0,437013.18,0,72566.21,305812.27,182223.49
SARIMAX-12,Histórico,0,2017-09-01T03:00:00.000Z,1793.99,0,184017.47,0,366240.96,0,1793.99,235040.05,182223.49
SARIMAX-12,Histórico,0,2017-10-01T03:00:00.000Z,-1324.91,0,180898.57,0,363122.06,0,-1324.91,231921.15,182223.49
SARIMAX-12,Histórico,0,2017-11-01T02:00:00.000Z,-2441.63,0,179781.86,0,362005.34,0,-2441.63,230804.43,182223.49
SARIMAX-12,Histórico,0,2017-12-01T02:00:00.000Z,93.42,0,182316.9,0,364540.39,0,93.42,233339.48,182223.49
SARIMAX-12,Histórico,0,2018-01-01T02:00:00.000Z,42454.6,0,224678.09,0,406901.57,0,42454.6,275700.66,182223.49
SARIMAX-12,Histórico,0,2018-02-01T02:00:00.000Z,31711.75,0,213935.24,0,396158.72,0,31711.75,264957.81,182223.49
SARIMAX-12,Histórico,0,2018-03-01T03:00:00.000Z,28387.18,0,210610.67,0,392834.16,0,28387.18,261633.25,182223.49
SARIMAX-12,Histórico,0,2018-04-01T03:00:00.000Z,34620.82,0,216844.31,0,399067.79,0,34620.82,267866.88,182223.49
SARIMAX-12,Histórico,0,2018-05-01T03:00:00.000Z,19690.52,0,201914.01,0,384137.5,0,19690.52,252936.59,182223.49
SARIMAX-12,Histórico,0,2018-06-01T03:00:00.000Z,17359.72,0,199583.21,0,381806.7,0,17359.72,250605.79,182223.49
SARIMAX-12,Histórico,0,2018-07-01T03:00:00.000Z,19606.26,0,201829.75,0,384053.23,0,19606.26,252852.32,182223.49
SARIMAX-12,Histórico,0,2018-08-01T03:00:00.000Z,13432.05,0,195655.54,0,377879.03,0,13432.05,246678.12,182223.49
SARIMAX-12,Histórico,0,2018-09-01T03:00:00.000Z,23020.73,0,205244.21,0,387467.7,0,23020.73,256266.79,182223.49
SARIMAX-12,Histórico,0,2018-10-01T03:00:00.000Z,29841.95,0,212065.44,0,394288.92,0,29841.95,263088.01,182223.49
SARIMAX-12,Histórico,0,2018-11-01T03:00:00.000Z,30538.52,0,212762.01,0,394985.5,0,30538.52,263784.59,182223.49
SARIMAX-12,Histórico,0,2018-12-01T02:00:00.000Z,39744.49,0,221967.97,0,404191.46,0,39744.49,272990.55,182223.49
SARIMAX-12,Histórico,0,2019-01-01T02:00:00.000Z,45848.52,0,228072.01,0,410295.49,0,45848.52,279094.58,182223.49
SARIMAX-12,Histórico,0,2019-02-01T02:00:00.000Z,103768.89,0,285992.38,0,468215.86,0,103768.89,337014.95,182223.49
SARIMAX-12,Histórico,0,2019-03-01T03:00:00.000Z,105625.25,0,287848.74,0,470072.22,0,105625.25,338871.31,182223.49
SARIMAX-12,Histórico,0,2019-04-01T03:00:00.000Z,121425.16,0,303648.65,0,485872.14,0,121425.16,354671.23,182223.49
SARIMAX-12,Histórico,0,2019-05-01T03:00:00.000Z,75212.77,0,257436.26,0,439659.74,0,75212.77,308458.83,182223.49
SARIMAX-12,Histórico,0,2019-06-01T03:00:00.000Z,69049.76,0,251273.25,0,433496.74,0,69049.76,302295.83,182223.49
SARIMAX-12,Histórico,0,2019-07-01T03:00:00.000Z,78978.6,0,261202.09,0,443425.58,0,78978.6,312224.67,182223.49
SARIMAX-12,Histórico,0,2019-08-01T03:00:00.000Z,67011.96,0,249235.44,0,431458.93,0,67011.96,300258.02,182223.49
SARIMAX-12,Histórico,0,2019-09-01T03:00:00.000Z,74580.52,0,256804.01,0,439027.49,0,74580.52,307826.58,182223.49
SARIMAX-12,Histórico,0,2019-10-01T03:00:00.000Z,114152.71,0,296376.19,0,478599.68,0,114152.71,347398.77,182223.49
SARIMAX-12,Histórico,0,2019-11-01T03:00:00.000Z,91904.23,0,274127.72,0,456351.21,0,91904.23,325150.3,182223.49
SARIMAX-12,Histórico,0,2019-12-01T03:00:00.000Z,71577.3,0,253800.79,0,436024.28,0,71577.3,304823.37,182223.49
SARIMAX-12,Histórico,0,2020-01-01T03:00:00.000Z,125066.58,0,307290.06,0,489513.55,0,125066.58,358312.64,182223.49
SARIMAX-12,Histórico,0,2020-02-01T03:00:00.000Z,89312.18,0,271535.67,0,453759.16,0,89312.18,322558.25,182223.49
SARIMAX-12,Histórico,0,2020-03-01T03:00:00.000Z,134406.36,0,316629.85,0,498853.33,0,134406.36,367652.42,182223.49
SARIMAX-12,Histórico,0,2020-04-01T03:00:00.000Z,104621.42,0,286844.91,0,469068.4,0,104621.42,337867.49,182223.49
SARIMAX-12,Histórico,0,2020-05-01T03:00:00.000Z,67952.67,0,250176.16,0,432399.64,0,67952.67,301198.73,182223.49
SARIMAX-12,Histórico,0,2020-06-01T03:00:00.000Z,57893.12,0,240116.61,0,422340.09,0,57893.12,291139.18,182223.49
SARIMAX-12,Histórico,0,2020-07-01T03:00:00.000Z,65244.36,0,247467.85,0,429691.33,0,65244.36,298490.42,182223.49
SARIMAX-12,Histórico,0,2020-08-01T03:00:00.000Z,58084.13,0,240307.62,0,422531.11,0,58084.13,291330.2,182223.49
SARIMAX-12,Histórico,0,2020-09-01T03:00:00.000Z,89721.86,0,271945.35,0,454168.84,0,89721.86,322967.93,182223.49
SARIMAX-12,Histórico,0,2020-10-01T03:00:00.000Z,91778.92,0,274002.41,0,456225.9,0,91778.92,325024.99,182223.49
SARIMAX-12,Histórico,0,2020-11-01T03:00:00.000Z,71887.41,0,254110.9,0,436334.39,0,71887.41,305133.48,182223.49
SARIMAX-12,Histórico,0,2020-12-01T03:00:00.000Z,42785.95,0,225009.43,0,407232.92,0,42785.95,276032.01,182223.49
SARIMAX-12,Histórico,0,2021-01-01T03:00:00.000Z,133840.24,0,316063.72,0,498287.21,0,133840.24,367086.3,182223.49
SARIMAX-12,Histórico,0,2021-02-01T03:00:00.000Z,103889.45,0,286112.93,0,468336.42,0,103889.45,337135.51,182223.49
SARIMAX-12,Histórico,0,2021-03-01T03:00:00.000Z,160681.84,0,342905.32,0,525128.81,0,160681.84,393927.9,182223.49
SARIMAX-12,Histórico,0,2021-04-01T03:00:00.000Z,132147.91,0,314371.39,0,496594.88,0,132147.91,365393.97,182223.49
SARIMAX-12,Histórico,0,2021-05-01T03:00:00.000Z,82064.28,0,264287.77,0,446511.26,0,82064.28,315310.35,182223.49
SARIMAX-12,Histórico,0,2021-06-01T03:00:00.000Z,77753.89,0,259977.37,0,442200.86,0,77753.89,310999.95,182223.49
SARIMAX-12,Histórico,0,2021-07-01T03:00:00.000Z,84387.3,0,266610.79,0,448834.27,0,84387.3,317633.36,182223.49
SARIMAX-12,Histórico,0,2021-08-01T03:00:00.000Z,78804.97,0,261028.46,0,443251.94,0,78804.97,312051.03,182223.49
SARIMAX-12,Histórico,0,2021-09-01T03:00:00.000Z,75403.99,0,257627.48,0,439850.96,0,75403.99,308650.05,182223.49
SARIMAX-12,Histórico,0,2021-10-01T03:00:00.000Z,128672.91,0,310896.4,0,493119.89,0,128672.91,361918.98,182223.49
SARIMAX-12,Histórico,0,2021-11-01T03:00:00.000Z,1213007.45,1030783.96,1395230.93,848560.47,1577454.42,979761.38,1213007.45,1446253.51,182223.49
SARIMAX-12,Histórico,0,2021-12-01T03:00:00.000Z,93226.95,0,275450.44,0,457673.93,0,93226.95,326473.02,182223.49
SARIMAX-12,Histórico,0,2022-01-01T03:00:00.000Z,147806.94,0,330030.42,0,512253.91,0,147806.94,381053,182223.49
SARIMAX-12,Histórico,0,2022-02-01T03:00:00.000Z,119518.07,0,301741.56,0,483965.05,0,119518.07,352764.14,182223.49
SARIMAX-12,Histórico,0,2022-03-01T03:00:00.000Z,175823.81,0,358047.3,0,540270.78,0,175823.81,409069.87,182223.49
SARIMAX-12,Histórico,0,2022-04-01T03:00:00.000Z,123414.22,0,305637.71,0,487861.2,0,123414.22,356660.29,182223.49
SARIMAX-12,Histórico,0,2022-05-01T03:00:00.000Z,88274.7,0,270498.18,0,452721.67,0,88274.7,321520.76,182223.49
SARIMAX-12,Histórico,0,2022-06-01T03:00:00.000Z,71263.49,0,253486.98,0,435710.47,0,71263.49,304509.56,182223.49
SARIMAX-12,Histórico,0,2022-07-01T03:00:00.000Z,106128.52,0,288352,0,470575.49,0,106128.52,339374.58,182223.49
SARIMAX-12,Histórico,0,2022-08-01T03:00:00.000Z,146017.43,0,328240.92,0,510464.41,0,146017.43,379263.49,182223.49
SARIMAX-12,Histórico,0,2022-09-01T03:00:00.000Z,106651.94,0,288875.43,0,471098.91,0,106651.94,339898,182223.49
SARIMAX-12,Histórico,0,2022-10-01T03:00:00.000Z,143162.95,0,325386.44,0,507609.92,0,143162.95,376409.01,182223.49
SARIMAX-12,Histórico,0,2022-11-01T03:00:00.000Z,173945.39,0,356168.87,0,538392.36,0,173945.39,407191.45,182223.49
SARIMAX-12,Histórico,0,2022-12-01T03:00:00.000Z,97424.03,0,279647.52,0,461871,0,97424.03,330670.09,182223.49
SARIMAX-12,Histórico,0,2023-01-01T03:00:00.000Z,212797.72,30574.23,395021.2,0,577244.69,0,212797.72,446043.78,182223.49
SARIMAX-12,Histórico,0,2023-02-01T03:00:00.000Z,172782.94,0,355006.43,0,537229.91,0,172782.94,406029,182223.49
SARIMAX-12,Histórico,0,2023-03-01T03:00:00.000Z,181759.48,0,363982.96,0,546206.45,0,181759.48,415005.54,182223.49
SARIMAX-12,Histórico,0,2023-04-01T03:00:00.000Z,178368.19,0,360591.67,0,542815.16,0,178368.19,411614.25,182223.49
SARIMAX-12,Histórico,0,2023-05-01T03:00:00.000Z,160957.59,0,343181.08,0,525404.57,0,160957.59,394203.66,182223.49
SARIMAX-12,Histórico,0,2023-06-01T03:00:00.000Z,1080099.81,897876.32,1262323.29,715652.83,1444546.78,846853.74,1080099.81,1313345.87,182223.49
SARIMAX-12,Histórico,0,2023-07-01T03:00:00.000Z,117898.05,0,300121.53,0,482345.02,0,117898.05,351144.11,182223.49
SARIMAX-12,Histórico,0,2023-08-01T03:00:00.000Z,159821.2,0,342044.69,0,524268.18,0,159821.2,393067.27,182223.49
SARIMAX-12,Histórico,0,2023-09-01T03:00:00.000Z,112177.17,0,294400.65,0,476624.14,0,112177.17,345423.23,182223.49
SARIMAX-12,Histórico,0,2023-10-01T03:00:00.000Z,154892.4,0,337115.88,0,519339.37,0,154892.4,388138.46,182223.49
SARIMAX-12,Histórico,0,2023-11-01T03:00:00.000Z,212744.86,30521.38,394968.35,0,577191.84,0,212744.86,445990.93,182223.49
SARIMAX-12,Histórico,0,2023-12-01T03:00:00.000Z,110763.49,0,292986.97,0,475210.46,0,110763.49,344009.55,182223.49
SARIMAX-12,Histórico,0,2024-01-01T03:00:00.000Z,207956,25732.51,390179.48,0,572402.97,0,207956,441202.06,182223.49
SARIMAX-12,Histórico,0,2024-02-01T03:00:00.000Z,195619.48,13396,377842.97,0,560066.46,0,195619.48,428865.55,182223.49
SARIMAX-12,Histórico,0,2024-03-01T03:00:00.000Z,213473.06,31249.57,395696.54,0,577920.03,0,213473.06,446719.12,182223.49
SARIMAX-12,Histórico,0,2024-04-01T03:00:00.000Z,193850.19,11626.71,376073.68,0,558297.17,0,193850.19,427096.26,182223.49
SARIMAX-12,Histórico,0,2024-05-01T03:00:00.000Z,184733.41,2509.92,366956.9,0,549180.38,0,184733.41,417979.47,182223.49
SARIMAX-12,Histórico,0,2024-06-01T03:00:00.000Z,147917.33,0,330140.82,0,512364.31,0,147917.33,381163.4,182223.49
SARIMAX-12,Histórico,0,2024-07-01T03:00:00.000Z,137301.72,0,319525.2,0,501748.69,0,137301.72,370547.78,182223.49
SARIMAX-12,Histórico,0,2024-08-01T03:00:00.000Z,189014.26,6790.77,371237.74,0,553461.23,0,189014.26,422260.32,182223.49
SARIMAX-12,Histórico,0,2024-09-01T03:00:00.000Z,145377.64,0,327601.13,0,509824.61,0,145377.64,378623.7,182223.49
SARIMAX-12,Histórico,0,2024-10-01T03:00:00.000Z,209072.24,26848.75,391295.72,0,573519.21,0,209072.24,442318.3,182223.49
SARIMAX-12,Histórico,0,2024-11-01T03:00:00.000Z,277064.59,94841.1,459288.08,0,641511.56,43818.53,277064.59,510310.65,182223.49
SARIMAX-12,Histórico,0,2024-12-01T03:00:00.000Z,131912.09,0,314135.57,0,496359.06,0,131912.09,365158.15,182223.49
SARIMAX-12,Histórico,0,2025-01-01T03:00:00.000Z,1896098.98,1713875.5,2078322.47,1531652.01,2260545.96,1662852.92,1896098.98,2129345.05,182223.49
SARIMAX-12,Histórico,0,2025-02-01T03:00:00.000Z,188939.14,6715.66,371162.63,0,553386.12,0,188939.14,422185.21,182223.49
SARIMAX-12,Histórico,0,2025-03-01T03:00:00.000Z,154082.4,0,336305.89,0,518529.37,0,154082.4,387328.46,182223.49
SARIMAX-12,Histórico,0,2025-04-01T03:00:00.000Z,154291.65,0,336515.14,0,518738.62,0,154291.65,387537.71,182223.49
SARIMAX-12,Histórico,0,2025-05-01T03:00:00.000Z,178972.45,0,361195.94,0,543419.43,0,178972.45,412218.52,182223.49
SARIMAX-12,Histórico,0,2025-06-01T03:00:00.000Z,149979.03,0,332202.52,0,514426.01,0,149979.03,383225.09,182223.49
SARIMAX-12,Histórico,0,2025-07-01T03:00:00.000Z,131002.97,0,313226.46,0,495449.95,0,131002.97,364249.04,182223.49
SARIMAX-12,Histórico,0,2025-08-01T03:00:00.000Z,220723.16,38499.68,402946.65,0,585170.14,0,220723.16,453969.23,182223.49
SARIMAX-12,Backtest,1,2025-09-01T03:00:00.000Z,184174.91,0,370474.25,0,556773.58,0,184174.91,422638.06,186299.34
SARIMAX-12,Backtest,2,2025-10-01T03:00:00.000Z,167887.09,0,337399.46,0,506911.83,0,167887.09,384862.92,169512.37
SARIMAX-12,Backtest,3,2025-11-01T03:00:00.000Z,297218.9,128380.09,466057.72,0,634896.53,81105.23,297218.9,513332.58,168838.81
SARIMAX-12,Backtest,4,2025-12-01T03:00:00.000Z,125160.47,0,305016.39,0,484872.32,0,125160.47,355376.05,179855.93
SARIMAX-12,Backtest,5,2026-01-01T03:00:00.000Z,203634.67,25444.19,381825.15,0,560015.63,0,203634.67,431718.48,178190.48
SARIMAX-12,Backtest,6,2026-02-01T03:00:00.000Z,171863.28,0,345590.81,0,519318.34,0,171863.28,394234.52,173727.53
SARIMAX-12,Backtest,7,2026-03-01T03:00:00.000Z,162351.9,0,349557.56,0,536763.23,0,162351.9,401975.15,187205.67
SARIMAX-12,Backtest,8,2026-04-01T03:00:00.000Z,145547.18,0,332266.74,0,518986.31,0,145547.18,384548.22,186719.56
SARIMAX-12,Backtest,9,2026-05-01T03:00:00.000Z,179970.15,0,369122.18,0,558274.22,0,179970.15,422084.75,189152.03
SARIMAX-12,Backtest,10,2026-06-01T03:00:00.000Z,164505.67,0,347995.47,0,531485.26,0,164505.67,399372.61,183489.79
SARIMAX-12,Backtest,11,2026-07-01T03:00:00.000Z,140158.95,0,327784.46,0,515409.98,0,140158.95,380319.61,187625.52
SARIMAX-12,Backtest,12,2026-08-01T03:00:00.000Z,281146.95,99665.29,462628.6,0,644110.25,48850.43,281146.95,513443.46,181481.65
SARIMAX-12,Forecast,1,2026-09-01T03:00:00.000Z,131520.51,-31479.73,341118.94,-217779.07,527418.28,13458.82,101204.65,322736.25,186299.34
SARIMAX-12,Forecast,2,2026-10-01T03:00:00.000Z,137424.27,-19523.19,319501.55,-189035.56,489013.92,19362.57,107063.14,274956.36,169512.37
SARIMAX-12,Forecast,3,2026-11-01T03:00:00.000Z,228817.23,67242.16,404919.78,-101596.65,573758.6,110755.54,196008.7,367593.86,168838.81
SARIMAX-12,Forecast,4,2026-12-01T03:00:00.000Z,115247.42,-48095.36,311616.49,-227951.29,491472.42,0,82597.63,298623.12,179855.93
SARIMAX-12,Forecast,5,2027-01-01T03:00:00.000Z,176634.38,6039.92,362420.88,-172150.56,540611.35,57716.2,137810.26,314166.47,178190.48
SARIMAX-12,Forecast,6,2027-02-01T03:00:00.000Z,163992.17,-149.05,347306.01,-173876.58,521033.53,45930.48,133585.79,296216.51,173727.53
SARIMAX-12,Forecast,7,2027-03-01T03:00:00.000Z,154317.15,-10925.13,363486.2,-198130.8,550691.86,34975.33,125041.24,338476.84,187205.67
SARIMAX-12,Forecast,8,2027-04-01T03:00:00.000Z,137617.76,-30345.87,343093.25,-217065.43,529812.81,18275.94,107211.37,320993.45,186719.56
SARIMAX-12,Forecast,9,2027-05-01T03:00:00.000Z,152381.14,-24992.09,353311.98,-214144.12,542464.01,33462.96,106634.61,302358.58,189152.03
SARIMAX-12,Forecast,10,2027-06-01T03:00:00.000Z,130984.82,-34096.79,332882.8,-217586.58,516372.6,12066.64,98335.03,322200.56,183489.79
SARIMAX-12,Forecast,11,2027-07-01T03:00:00.000Z,118247.22,-44527.02,330724.01,-232152.54,518349.53,166.98,87931.36,301622.92,187625.52
SARIMAX-12,Forecast,12,2027-08-01T03:00:00.000Z,194576.36,30178.92,393142.23,-151302.73,574623.88,75658.18,164169.97,377952.05,181481.65
,,,,,,,,,,,,
SARIMAX-6,Histórico,0,2017-01-01T02:00:00.000Z,0,0,187227.35,0,374454.69,0,0,239651,187227.35
SARIMAX-6,Histórico,0,2017-02-01T02:00:00.000Z,112795.55,0,300022.9,0,487250.25,0,112795.55,352446.56,187227.35
SARIMAX-6,Histórico,0,2017-03-01T03:00:00.000Z,275895.26,88667.91,463122.6,0,650349.95,36244.25,275895.26,515546.26,187227.35
SARIMAX-6,Histórico,0,2017-04-01T03:00:00.000Z,184044.45,0,371271.79,0,558499.14,0,184044.45,423695.45,187227.35
SARIMAX-6,Histórico,0,2017-05-01T03:00:00.000Z,192111.32,4883.97,379338.66,0,566566.01,0,192111.32,431762.32,187227.35
SARIMAX-6,Histórico,0,2017-06-01T03:00:00.000Z,212358.46,25131.11,399585.8,0,586813.15,0,212358.46,452009.46,187227.35
SARIMAX-6,Histórico,0,2017-07-01T03:00:00.000Z,3413.06,0,190640.41,0,377867.76,0,3413.06,243064.07,187227.35
SARIMAX-6,Histórico,0,2017-08-01T03:00:00.000Z,280904,93676.66,468131.35,0,655358.7,41253,280904,520555.01,187227.35
SARIMAX-6,Histórico,0,2017-09-01T03:00:00.000Z,143827.59,0,331054.94,0,518282.28,0,143827.59,383478.59,187227.35
SARIMAX-6,Histórico,0,2017-10-01T03:00:00.000Z,176170.34,0,363397.69,0,550625.03,0,176170.34,415821.34,187227.35
SARIMAX-6,Histórico,0,2017-11-01T02:00:00.000Z,160365.22,0,347592.56,0,534819.91,0,160365.22,400016.22,187227.35
SARIMAX-6,Histórico,0,2017-12-01T02:00:00.000Z,171688.21,0,358915.56,0,546142.91,0,171688.21,411339.22,187227.35
SARIMAX-6,Histórico,0,2018-01-01T02:00:00.000Z,36646.23,0,223873.58,0,411100.92,0,36646.23,276297.23,187227.35
SARIMAX-6,Histórico,0,2018-02-01T02:00:00.000Z,86.77,0,187314.12,0,374541.46,0,86.77,239737.77,187227.35
SARIMAX-6,Histórico,0,2018-03-01T03:00:00.000Z,168879.74,0,356107.08,0,543334.43,0,168879.74,408530.74,187227.35
SARIMAX-6,Histórico,0,2018-04-01T03:00:00.000Z,204001.55,16774.2,391228.9,0,578456.24,0,204001.55,443652.55,187227.35
SARIMAX-6,Histórico,0,2018-05-01T03:00:00.000Z,157774.26,0,345001.6,0,532228.95,0,157774.26,397425.26,187227.35
SARIMAX-6,Histórico,0,2018-06-01T03:00:00.000Z,154286.22,0,341513.57,0,528740.91,0,154286.22,393937.22,187227.35
SARIMAX-6,Histórico,0,2018-07-01T03:00:00.000Z,-9489.54,0,177737.81,0,364965.16,0,-9489.54,230161.47,187227.35
SARIMAX-6,Histórico,0,2018-08-01T03:00:00.000Z,177481.89,0,364709.24,0,551936.59,0,177481.89,417132.9,187227.35
SARIMAX-6,Histórico,0,2018-09-01T03:00:00.000Z,130037.75,0,317265.1,0,504492.45,0,130037.75,369688.76,187227.35
SARIMAX-6,Histórico,0,2018-10-01T03:00:00.000Z,159510.78,0,346738.13,0,533965.47,0,159510.78,399161.78,187227.35
SARIMAX-6,Histórico,0,2018-11-01T03:00:00.000Z,160501.75,0,347729.09,0,534956.44,0,160501.75,400152.75,187227.35
SARIMAX-6,Histórico,0,2018-12-01T02:00:00.000Z,130963.32,0,318190.66,0,505418.01,0,130963.32,370614.32,187227.35
SARIMAX-6,Histórico,0,2019-01-01T02:00:00.000Z,19180.75,0,206408.1,0,393635.44,0,19180.75,258831.75,187227.35
SARIMAX-6,Histórico,0,2019-02-01T02:00:00.000Z,92946.27,0,280173.62,0,467400.97,0,92946.27,332597.28,187227.35
SARIMAX-6,Histórico,0,2019-03-01T03:00:00.000Z,151618.43,0,338845.78,0,526073.12,0,151618.43,391269.43,187227.35
SARIMAX-6,Histórico,0,2019-04-01T03:00:00.000Z,288105.29,100877.94,475332.64,0,662559.98,48454.29,288105.29,527756.29,187227.35
SARIMAX-6,Histórico,0,2019-05-01T03:00:00.000Z,132415.08,0,319642.43,0,506869.78,0,132415.08,372066.09,187227.35
SARIMAX-6,Histórico,0,2019-06-01T03:00:00.000Z,151484.5,0,338711.85,0,525939.2,0,151484.5,391135.51,187227.35
SARIMAX-6,Histórico,0,2019-07-01T03:00:00.000Z,106999.29,0,294226.64,0,481453.99,0,106999.29,346650.3,187227.35
SARIMAX-6,Histórico,0,2019-08-01T03:00:00.000Z,184978.69,0,372206.03,0,559433.38,0,184978.69,424629.69,187227.35
SARIMAX-6,Histórico,0,2019-09-01T03:00:00.000Z,111681.61,0,298908.96,0,486136.31,0,111681.61,351332.62,187227.35
SARIMAX-6,Histórico,0,2019-10-01T03:00:00.000Z,187123.76,0,374351.1,0,561578.45,0,187123.76,426774.76,187227.35
SARIMAX-6,Histórico,0,2019-11-01T03:00:00.000Z,135234.59,0,322461.94,0,509689.29,0,135234.59,374885.6,187227.35
SARIMAX-6,Histórico,0,2019-12-01T03:00:00.000Z,125855.97,0,313083.31,0,500310.66,0,125855.97,365506.97,187227.35
SARIMAX-6,Histórico,0,2020-01-01T03:00:00.000Z,108131.19,0,295358.53,0,482585.88,0,108131.19,347782.19,187227.35
SARIMAX-6,Histórico,0,2020-02-01T03:00:00.000Z,3522.45,0,190749.8,0,377977.14,0,3522.45,243173.45,187227.35
SARIMAX-6,Histórico,0,2020-03-01T03:00:00.000Z,191518.32,4290.97,378745.66,0,565973.01,0,191518.32,431169.32,187227.35
SARIMAX-6,Histórico,0,2020-04-01T03:00:00.000Z,212011.7,24784.35,399239.05,0,586466.39,0,212011.7,451662.7,187227.35
SARIMAX-6,Histórico,0,2020-05-01T03:00:00.000Z,127000.05,0,314227.39,0,501454.74,0,127000.05,366651.05,187227.35
SARIMAX-6,Histórico,0,2020-06-01T03:00:00.000Z,103760.8,0,290988.15,0,478215.49,0,103760.8,343411.8,187227.35
SARIMAX-6,Histórico,0,2020-07-01T03:00:00.000Z,109630.61,0,296857.96,0,484085.31,0,109630.61,349281.62,187227.35
SARIMAX-6,Histórico,0,2020-08-01T03:00:00.000Z,160791.3,0,348018.64,0,535245.99,0,160791.3,400442.3,187227.35
SARIMAX-6,Histórico,0,2020-09-01T03:00:00.000Z,132382.88,0,319610.22,0,506837.57,0,132382.88,372033.88,187227.35
SARIMAX-6,Histórico,0,2020-10-01T03:00:00.000Z,131363.55,0,318590.9,0,505818.24,0,131363.55,371014.55,187227.35
SARIMAX-6,Histórico,0,2020-11-01T03:00:00.000Z,110641.29,0,297868.63,0,485095.98,0,110641.29,350292.29,187227.35
SARIMAX-6,Histórico,0,2020-12-01T03:00:00.000Z,134400.86,0,321628.2,0,508855.55,0,134400.86,374051.86,187227.35
SARIMAX-6,Histórico,0,2021-01-01T03:00:00.000Z,62306.74,0,249534.09,0,436761.43,0,62306.74,301957.75,187227.35
SARIMAX-6,Histórico,0,2021-02-01T03:00:00.000Z,26909.7,0,214137.05,0,401364.39,0,26909.7,266560.7,187227.35
SARIMAX-6,Histórico,0,2021-03-01T03:00:00.000Z,169282.14,0,356509.49,0,543736.83,0,169282.14,408933.14,187227.35
SARIMAX-6,Histórico,0,2021-04-01T03:00:00.000Z,244380.25,57152.9,431607.59,0,618834.94,4729.24,244380.25,484031.25,187227.35
SARIMAX-6,Histórico,0,2021-05-01T03:00:00.000Z,189969.88,2742.53,377197.22,0,564424.57,0,189969.88,429620.88,187227.35
SARIMAX-6,Histórico,0,2021-06-01T03:00:00.000Z,103921.12,0,291148.47,0,478375.81,0,103921.12,343572.12,187227.35
SARIMAX-6,Histórico,0,2021-07-01T03:00:00.000Z,80214.08,0,267441.42,0,454668.77,0,80214.08,319865.08,187227.35
SARIMAX-6,Histórico,0,2021-08-01T03:00:00.000Z,169368.83,0,356596.18,0,543823.53,0,169368.83,409019.84,187227.35
SARIMAX-6,Histórico,0,2021-09-01T03:00:00.000Z,112267.75,0,299495.09,0,486722.44,0,112267.75,351918.75,187227.35
SARIMAX-6,Histórico,0,2021-10-01T03:00:00.000Z,109038.07,0,296265.42,0,483492.76,0,109038.07,348689.08,187227.35
SARIMAX-6,Histórico,0,2021-11-01T03:00:00.000Z,1258365.58,1071138.23,1445592.93,883910.89,1632820.27,1018714.58,1258365.58,1498016.58,187227.35
SARIMAX-6,Histórico,0,2021-12-01T03:00:00.000Z,66034.9,0,253262.25,0,440489.59,0,66034.9,305685.9,187227.35
SARIMAX-6,Histórico,0,2022-01-01T03:00:00.000Z,108100.7,0,295328.05,0,482555.39,0,108100.7,347751.7,187227.35
SARIMAX-6,Histórico,0,2022-02-01T03:00:00.000Z,58035.76,0,245263.11,0,432490.45,0,58035.76,297686.76,187227.35
SARIMAX-6,Histórico,0,2022-03-01T03:00:00.000Z,200747.24,13519.9,387974.59,0,575201.94,0,200747.24,440398.25,187227.35
SARIMAX-6,Histórico,0,2022-04-01T03:00:00.000Z,156727.7,0,343955.05,0,531182.39,0,156727.7,396378.7,187227.35
SARIMAX-6,Histórico,0,2022-05-01T03:00:00.000Z,187841.57,614.23,375068.92,0,562296.27,0,187841.57,427492.58,187227.35
SARIMAX-6,Histórico,0,2022-06-01T03:00:00.000Z,91596.91,0,278824.26,0,466051.6,0,91596.91,331247.91,187227.35
SARIMAX-6,Histórico,0,2022-07-01T03:00:00.000Z,91187.01,0,278414.35,0,465641.7,0,91187.01,330838.01,187227.35
SARIMAX-6,Histórico,0,2022-08-01T03:00:00.000Z,222356.87,35129.52,409584.21,0,596811.56,0,222356.87,462007.87,187227.35
SARIMAX-6,Histórico,0,2022-09-01T03:00:00.000Z,78332.89,0,265560.24,0,452787.59,0,78332.89,317983.9,187227.35
SARIMAX-6,Histórico,0,2022-10-01T03:00:00.000Z,110008.78,0,297236.13,0,484463.47,0,110008.78,349659.78,187227.35
SARIMAX-6,Histórico,0,2022-11-01T03:00:00.000Z,252169.12,64941.77,439396.47,0,626623.81,12518.12,252169.12,491820.12,187227.35
SARIMAX-6,Histórico,0,2022-12-01T03:00:00.000Z,97862.28,0,285089.62,0,472316.97,0,97862.28,337513.28,187227.35
SARIMAX-6,Histórico,0,2023-01-01T03:00:00.000Z,152292.73,0,339520.08,0,526747.42,0,152292.73,391943.73,187227.35
SARIMAX-6,Histórico,0,2023-02-01T03:00:00.000Z,132051.33,0,319278.67,0,506506.02,0,132051.33,371702.33,187227.35
SARIMAX-6,Histórico,0,2023-03-01T03:00:00.000Z,165532.78,0,352760.13,0,539987.47,0,165532.78,405183.78,187227.35
SARIMAX-6,Histórico,0,2023-04-01T03:00:00.000Z,196860.12,9632.78,384087.47,0,571314.82,0,196860.12,436511.13,187227.35
SARIMAX-6,Histórico,0,2023-05-01T03:00:00.000Z,273658.64,86431.29,460885.99,0,648113.33,34007.64,273658.64,513309.64,187227.35
SARIMAX-6,Histórico,0,2023-06-01T03:00:00.000Z,1032788.1,845560.75,1220015.44,658333.4,1407242.79,793137.09,1032788.1,1272439.1,187227.35
SARIMAX-6,Histórico,0,2023-07-01T03:00:00.000Z,124704.95,0,311932.3,0,499159.65,0,124704.95,364355.96,187227.35
SARIMAX-6,Histórico,0,2023-08-01T03:00:00.000Z,238210.09,50982.75,425437.44,0,612664.79,0,238210.09,477861.1,187227.35
SARIMAX-6,Histórico,0,2023-09-01T03:00:00.000Z,78905.05,0,266132.39,0,453359.74,0,78905.05,318556.05,187227.35
SARIMAX-6,Histórico,0,2023-10-01T03:00:00.000Z,114693.39,0,301920.73,0,489148.08,0,114693.39,354344.39,187227.35
SARIMAX-6,Histórico,0,2023-11-01T03:00:00.000Z,254247.1,67019.75,441474.44,0,628701.79,14596.09,254247.1,493898.1,187227.35
SARIMAX-6,Histórico,0,2023-12-01T03:00:00.000Z,125337.76,0,312565.11,0,499792.45,0,125337.76,364988.76,187227.35
SARIMAX-6,Histórico,0,2024-01-01T03:00:00.000Z,89360.72,0,276588.06,0,463815.41,0,89360.72,329011.72,187227.35
SARIMAX-6,Histórico,0,2024-02-01T03:00:00.000Z,137362.3,0,324589.65,0,511816.99,0,137362.3,377013.3,187227.35
SARIMAX-6,Histórico,0,2024-03-01T03:00:00.000Z,177212.56,0,364439.9,0,551667.25,0,177212.56,416863.56,187227.35
SARIMAX-6,Histórico,0,2024-04-01T03:00:00.000Z,214394.63,27167.28,401621.97,0,588849.32,0,214394.63,454045.63,187227.35
SARIMAX-6,Histórico,0,2024-05-01T03:00:00.000Z,315916,128688.65,503143.34,0,690370.69,76264.99,315916,555567,187227.35
SARIMAX-6,Histórico,0,2024-06-01T03:00:00.000Z,100220.63,0,287447.98,0,474675.32,0,100220.63,339871.63,187227.35
SARIMAX-6,Histórico,0,2024-07-01T03:00:00.000Z,110056.07,0,297283.42,0,484510.76,0,110056.07,349707.07,187227.35
SARIMAX-6,Histórico,0,2024-08-01T03:00:00.000Z,250624.62,63397.27,437851.97,0,625079.31,10973.62,250624.62,490275.62,187227.35
SARIMAX-6,Histórico,0,2024-09-01T03:00:00.000Z,126531.03,0,313758.37,0,500985.72,0,126531.03,366182.03,187227.35
SARIMAX-6,Histórico,0,2024-10-01T03:00:00.000Z,118496.91,0,305724.25,0,492951.6,0,118496.91,358147.91,187227.35
SARIMAX-6,Histórico,0,2024-11-01T03:00:00.000Z,317676.69,130449.35,504904.04,0,692131.39,78025.69,317676.69,557327.7,187227.35
SARIMAX-6,Histórico,0,2024-12-01T03:00:00.000Z,86676.99,0,273904.34,0,461131.68,0,86676.99,326327.99,187227.35
SARIMAX-6,Histórico,0,2025-01-01T03:00:00.000Z,1828635.58,1641408.24,2015862.93,1454180.89,2203090.28,1588984.58,1828635.58,2068286.59,187227.35
SARIMAX-6,Histórico,0,2025-02-01T03:00:00.000Z,157818.05,0,345045.39,0,532272.74,0,157818.05,397469.05,187227.35
SARIMAX-6,Histórico,0,2025-03-01T03:00:00.000Z,130172.05,0,317399.4,0,504626.74,0,130172.05,369823.05,187227.35
SARIMAX-6,Histórico,0,2025-04-01T03:00:00.000Z,105705.83,0,292933.18,0,480160.52,0,105705.83,345356.83,187227.35
SARIMAX-6,Histórico,0,2025-05-01T03:00:00.000Z,300341.93,113114.58,487569.28,0,674796.62,60690.93,300341.93,539992.93,187227.35
SARIMAX-6,Histórico,0,2025-06-01T03:00:00.000Z,90727.2,0,277954.55,0,465181.89,0,90727.2,330378.21,187227.35
SARIMAX-6,Histórico,0,2025-07-01T03:00:00.000Z,139447.77,0,326675.12,0,513902.47,0,139447.77,379098.78,187227.35
SARIMAX-6,Histórico,0,2025-08-01T03:00:00.000Z,293161.22,105933.87,480388.56,0,667615.91,53510.21,293161.22,532812.22,187227.35
SARIMAX-6,Backtest,1,2025-09-01T03:00:00.000Z,166547,0,337202.6,0,507858.21,0,166547,384986.17,170655.6
SARIMAX-6,Backtest,2,2025-10-01T03:00:00.000Z,82539.08,0,239767.69,0,396996.31,0,82539.08,283791.7,157228.61
SARIMAX-6,Backtest,3,2025-11-01T03:00:00.000Z,272523.7,100119.19,444928.21,0,617332.73,51845.92,272523.7,493201.48,172404.51
SARIMAX-6,Backtest,4,2025-12-01T03:00:00.000Z,127454.79,0,304312.06,0,481169.33,0,127454.79,353832.09,176857.27
SARIMAX-6,Backtest,5,2026-01-01T03:00:00.000Z,132479.87,0,308895.62,0,485311.37,0,132479.87,358292.03,176415.75
SARIMAX-6,Backtest,6,2026-02-01T03:00:00.000Z,117726.31,0,284132.45,0,450538.59,0,117726.31,330726.17,166406.14
SARIMAX-6,Backtest,7,2026-03-01T03:00:00.000Z,142054.64,0,323856.62,0,505658.6,0,142054.64,374761.17,181801.98
SARIMAX-6,Backtest,8,2026-04-01T03:00:00.000Z,118121.7,0,301184.31,0,484246.93,0,118121.7,352441.85,183062.61
SARIMAX-6,Backtest,9,2026-05-01T03:00:00.000Z,271797.33,79187.58,464407.08,0,657016.83,25256.85,271797.33,518337.81,192609.75
SARIMAX-6,Backtest,10,2026-06-01T03:00:00.000Z,133184.39,0,312583.16,0,491981.93,0,133184.39,362814.82,179398.77
SARIMAX-6,Backtest,11,2026-07-01T03:00:00.000Z,132638.02,0,315525.78,0,498413.54,0,132638.02,366734.35,182887.76
SARIMAX-6,Backtest,12,2026-08-01T03:00:00.000Z,382166.12,197301.11,567031.13,12436.1,751896.14,145538.91,382166.12,618793.34,184865.01
SARIMAX-6,Forecast,1,2026-09-01T03:00:00.000Z,67622.62,-85312.68,255998.53,-255968.28,426654.13,0,7495.94,208999.76,170655.6
SARIMAX-6,Forecast,2,2026-10-01T03:00:00.000Z,87247.41,-70722.45,243734.78,-227951.06,400963.39,0,27547.84,203151.24,157228.61
SARIMAX-6,Forecast,3,2026-11-01T03:00:00.000Z,223440.81,28699.82,373508.84,-143704.69,545913.36,42501.23,166144.22,350168.05,172404.51
SARIMAX-6,Forecast,4,2026-12-01T03:00:00.000Z,130502.05,-55252.13,298462.4,-232109.4,475319.67,0,69948.26,246405.87,176857.27
SARIMAX-6,Forecast,5,2027-01-01T03:00:00.000Z,126616.2,-65614.88,287216.62,-242030.63,463632.37,0,57836.67,242520.02,176415.75
SARIMAX-6,Forecast,6,2027-02-01T03:00:00.000Z,109935.08,-67713.02,265099.26,-234119.16,431505.4,0,43244.84,225838.9,166406.14
SARIMAX-6,Forecast,7,2027-03-01T03:00:00.000Z,127437.96,-55512.39,308091.57,-237314.37,489893.55,0,68939.88,258978.83,181801.98
SARIMAX-6,Forecast,8,2027-04-01T03:00:00.000Z,131533.55,-53541.01,312584.21,-236603.62,495646.82,0,78611.59,263074.41,183062.61
SARIMAX-6,Forecast,9,2027-05-01T03:00:00.000Z,226180.58,14143.07,399362.57,-178466.68,591972.32,45241,165626.79,352907.82,192609.75
SARIMAX-6,Forecast,10,2027-06-01T03:00:00.000Z,132096.04,-53358.55,305438.98,-232757.32,484837.75,0,74799.45,259617.47,179398.77
SARIMAX-6,Forecast,11,2027-07-01T03:00:00.000Z,120404.82,-63522.53,302252.99,-246410.29,485140.76,0,60705.25,251945.68,182887.76
SARIMAX-6,Forecast,12,2027-08-01T03:00:00.000Z,255142.34,49018.12,418748.14,-135846.9,603613.15,74202.76,197845.74,381869.58,184865.01
,,,,,,,,,,,,
Holt-Winters,Histórico,0,2017-01-01T02:00:00.000Z,190838.01,12848.37,368827.66,0,546817.3,0,190838.01,418664.75,177989.64
Holt-Winters,Histórico,0,2017-02-01T02:00:00.000Z,-9440.82,0,168548.83,0,346538.47,0,-9440.82,218385.93,177989.64
Holt-Winters,Histórico,0,2017-03-01T03:00:00.000Z,70822.64,0,248812.29,0,426801.93,0,70822.64,298649.39,177989.64
Holt-Winters,Histórico,0,2017-04-01T03:00:00.000Z,-19740.67,0,158248.97,0,336238.61,0,-19740.67,208086.07,177989.64
Holt-Winters,Histórico,0,2017-05-01T03:00:00.000Z,-34306.26,0,143683.38,0,321673.02,0,-34306.26,193520.48,177989.64
Holt-Winters,Histórico,0,2017-06-01T03:00:00.000Z,-47465.35,0,130524.29,0,308513.93,0,-47465.35,180361.39,177989.64
Holt-Winters,Histórico,0,2017-07-01T03:00:00.000Z,11911.27,0,189900.91,0,367890.56,0,11911.27,239738.01,177989.64
Holt-Winters,Histórico,0,2017-08-01T03:00:00.000Z,15543.04,0,193532.68,0,371522.32,0,15543.04,243369.78,177989.64
Holt-Winters,Histórico,0,2017-09-01T03:00:00.000Z,24796.65,0,202786.29,0,380775.94,0,24796.65,252623.39,177989.64
Holt-Winters,Histórico,0,2017-10-01T03:00:00.000Z,149881.18,0,327870.83,0,505860.47,0,149881.18,377707.93,177989.64
Holt-Winters,Histórico,0,2017-11-01T02:00:00.000Z,292411.96,114422.32,470401.61,0,648391.25,64585.22,292411.96,520238.71,177989.64
Holt-Winters,Histórico,0,2017-12-01T02:00:00.000Z,-754.44,0,177235.2,0,355224.84,0,-754.44,227072.3,177989.64
Holt-Winters,Histórico,0,2018-01-01T02:00:00.000Z,236712.13,58722.49,414701.77,0,592691.42,8885.39,236712.13,464538.87,177989.64
Holt-Winters,Histórico,0,2018-02-01T02:00:00.000Z,39279.7,0,217269.34,0,395258.98,0,39279.7,267106.44,177989.64
Holt-Winters,Histórico,0,2018-03-01T03:00:00.000Z,120927.77,0,298917.41,0,476907.06,0,120927.77,348754.51,177989.64
Holt-Winters,Histórico,0,2018-04-01T03:00:00.000Z,48526.46,0,226516.1,0,404505.74,0,48526.46,276353.2,177989.64
Holt-Winters,Histórico,0,2018-05-01T03:00:00.000Z,28367.37,0,206357.01,0,384346.65,0,28367.37,256194.11,177989.64
Holt-Winters,Histórico,0,2018-06-01T03:00:00.000Z,13119.89,0,191109.53,0,369099.17,0,13119.89,240946.63,177989.64
Holt-Winters,Histórico,0,2018-07-01T03:00:00.000Z,66405.23,0,244394.88,0,422384.52,0,66405.23,294231.98,177989.64
Holt-Winters,Histórico,0,2018-08-01T03:00:00.000Z,74524.13,0,252513.77,0,430503.42,0,74524.13,302350.87,177989.64
Holt-Winters,Histórico,0,2018-09-01T03:00:00.000Z,80964.86,0,258954.5,0,436944.15,0,80964.86,308791.6,177989.64
Holt-Winters,Histórico,0,2018-10-01T03:00:00.000Z,206630.7,28641.06,384620.34,0,562609.99,0,206630.7,434457.44,177989.64
Holt-Winters,Histórico,0,2018-11-01T03:00:00.000Z,375373.67,197384.03,553363.31,19394.39,731352.96,147546.93,375373.67,603200.41,177989.64
Holt-Winters,Histórico,0,2018-12-01T02:00:00.000Z,80099.94,0,258089.59,0,436079.23,0,80099.94,307926.69,177989.64
Holt-Winters,Histórico,0,2019-01-01T02:00:00.000Z,305134.42,127144.78,483124.06,0,661113.7,77307.68,305134.42,532961.16,177989.64
Holt-Winters,Histórico,0,2019-02-01T02:00:00.000Z,181364.42,3374.77,359354.06,0,537343.7,0,181364.42,409191.16,177989.64
Holt-Winters,Histórico,0,2019-03-01T03:00:00.000Z,260022.8,82033.16,438012.44,0,616002.09,32196.06,260022.8,487849.54,177989.64
Holt-Winters,Histórico,0,2019-04-01T03:00:00.000Z,158770.08,0,336759.72,0,514749.36,0,158770.08,386596.82,177989.64
Holt-Winters,Histórico,0,2019-05-01T03:00:00.000Z,134974.31,0,312963.95,0,490953.6,0,134974.31,362801.05,177989.64
Holt-Winters,Histórico,0,2019-06-01T03:00:00.000Z,116947.65,0,294937.29,0,472926.94,0,116947.65,344774.39,177989.64
Holt-Winters,Histórico,0,2019-07-01T03:00:00.000Z,166093.9,0,344083.54,0,522073.18,0,166093.9,393920.64,177989.64
Holt-Winters,Histórico,0,2019-08-01T03:00:00.000Z,157897.58,0,335887.22,0,513876.87,0,157897.58,385724.32,177989.64
Holt-Winters,Histórico,0,2019-09-01T03:00:00.000Z,166610.07,0,344599.72,0,522589.36,0,166610.07,394436.82,177989.64
Holt-Winters,Histórico,0,2019-10-01T03:00:00.000Z,291411.57,113421.93,469401.22,0,647390.86,63584.83,291411.57,519238.32,177989.64
Holt-Winters,Histórico,0,2019-11-01T03:00:00.000Z,393190.75,215201.11,571180.4,37211.47,749170.04,165364.01,393190.75,621017.5,177989.64
Holt-Winters,Histórico,0,2019-12-01T03:00:00.000Z,87943.7,0,265933.34,0,443922.98,0,87943.7,315770.44,177989.64
Holt-Winters,Histórico,0,2020-01-01T03:00:00.000Z,327453.97,149464.33,505443.62,0,683433.26,99627.23,327453.97,555280.72,177989.64
Holt-Winters,Histórico,0,2020-02-01T03:00:00.000Z,114545.87,0,292535.51,0,470525.15,0,114545.87,342372.61,177989.64
Holt-Winters,Histórico,0,2020-03-01T03:00:00.000Z,174781.04,0,352770.69,0,530760.33,0,174781.04,402607.79,177989.64
Holt-Winters,Histórico,0,2020-04-01T03:00:00.000Z,75972.57,0,253962.21,0,431951.85,0,75972.57,303799.31,177989.64
Holt-Winters,Histórico,0,2020-05-01T03:00:00.000Z,53040.84,0,231030.49,0,409020.13,0,53040.84,280867.59,177989.64
Holt-Winters,Histórico,0,2020-06-01T03:00:00.000Z,27031.54,0,205021.18,0,383010.82,0,27031.54,254858.28,177989.64
Holt-Winters,Histórico,0,2020-07-01T03:00:00.000Z,74692.68,0,252682.32,0,430671.96,0,74692.68,302519.42,177989.64
Holt-Winters,Histórico,0,2020-08-01T03:00:00.000Z,66983.13,0,244972.78,0,422962.42,0,66983.13,294809.88,177989.64
Holt-Winters,Histórico,0,2020-09-01T03:00:00.000Z,67379.83,0,245369.47,0,423359.12,0,67379.83,295206.57,177989.64
Holt-Winters,Histórico,0,2020-10-01T03:00:00.000Z,195394.6,17404.95,373384.24,0,551373.88,0,195394.6,423221.34,177989.64
Holt-Winters,Histórico,0,2020-11-01T03:00:00.000Z,295762.28,117772.63,473751.92,0,651741.56,67935.53,295762.28,523589.02,177989.64
Holt-Winters,Histórico,0,2020-12-01T03:00:00.000Z,74717.9,0,252707.54,0,430697.18,0,74717.9,302544.64,177989.64
Holt-Winters,Histórico,0,2021-01-01T03:00:00.000Z,307749.36,129759.72,485739,0,663728.64,79922.62,307749.36,535576.1,177989.64
Holt-Winters,Histórico,0,2021-02-01T03:00:00.000Z,100828.89,0,278818.54,0,456808.18,0,100828.89,328655.64,177989.64
Holt-Winters,Histórico,0,2021-03-01T03:00:00.000Z,159383.51,0,337373.15,0,515362.79,0,159383.51,387210.25,177989.64
Holt-Winters,Histórico,0,2021-04-01T03:00:00.000Z,86260.3,0,264249.95,0,442239.59,0,86260.3,314087.05,177989.64
Holt-Winters,Histórico,0,2021-05-01T03:00:00.000Z,75365.63,0,253355.27,0,431344.91,0,75365.63,303192.37,177989.64
Holt-Winters,Histórico,0,2021-06-01T03:00:00.000Z,50214.86,0,228204.5,0,406194.14,0,50214.86,278041.6,177989.64
Holt-Winters,Histórico,0,2021-07-01T03:00:00.000Z,96181.86,0,274171.5,0,452161.15,0,96181.86,324008.6,177989.64
Holt-Winters,Histórico,0,2021-08-01T03:00:00.000Z,93768.98,0,271758.62,0,449748.26,0,93768.98,321595.72,177989.64
Holt-Winters,Histórico,0,2021-09-01T03:00:00.000Z,141315.49,0,319305.14,0,497294.78,0,141315.49,369142.23,177989.64
Holt-Winters,Histórico,0,2021-10-01T03:00:00.000Z,255335.72,77346.08,433325.36,0,611315,27508.98,255335.72,483162.46,177989.64
Holt-Winters,Histórico,0,2021-11-01T03:00:00.000Z,1421052.06,1243062.41,1599041.7,1065072.77,1777031.34,1193225.31,1421052.06,1648878.8,177989.64
Holt-Winters,Histórico,0,2021-12-01T03:00:00.000Z,75248.93,0,253238.57,0,431228.21,0,75248.93,303075.67,177989.64
Holt-Winters,Histórico,0,2022-01-01T03:00:00.000Z,301169.32,123179.68,479158.96,0,657148.6,73342.58,301169.32,528996.06,177989.64
Holt-Winters,Histórico,0,2022-02-01T03:00:00.000Z,100347.54,0,278337.18,0,456326.82,0,100347.54,328174.28,177989.64
Holt-Winters,Histórico,0,2022-03-01T03:00:00.000Z,168280.78,0,346270.43,0,524260.07,0,168280.78,396107.53,177989.64
Holt-Winters,Histórico,0,2022-04-01T03:00:00.000Z,73947.15,0,251936.79,0,429926.43,0,73947.15,301773.89,177989.64
Holt-Winters,Histórico,0,2022-05-01T03:00:00.000Z,47092.21,0,225081.86,0,403071.5,0,47092.21,274918.96,177989.64
Holt-Winters,Histórico,0,2022-06-01T03:00:00.000Z,77053.81,0,255043.46,0,433033.1,0,77053.81,304880.56,177989.64
Holt-Winters,Histórico,0,2022-07-01T03:00:00.000Z,135527.51,0,313517.15,0,491506.79,0,135527.51,363354.25,177989.64
Holt-Winters,Histórico,0,2022-08-01T03:00:00.000Z,147491.27,0,325480.92,0,503470.56,0,147491.27,375318.02,177989.64
Holt-Winters,Histórico,0,2022-09-01T03:00:00.000Z,133944.22,0,311933.86,0,489923.5,0,133944.22,361770.96,177989.64
Holt-Winters,Histórico,0,2022-10-01T03:00:00.000Z,245142.68,67153.04,423132.32,0,601121.96,17315.94,245142.68,472969.42,177989.64
Holt-Winters,Histórico,0,2022-11-01T03:00:00.000Z,374866.9,196877.25,552856.54,18887.61,730846.18,147040.15,374866.9,602693.64,177989.64
Holt-Winters,Histórico,0,2022-12-01T03:00:00.000Z,91175.88,0,269165.52,0,447155.16,0,91175.88,319002.62,177989.64
Holt-Winters,Histórico,0,2023-01-01T03:00:00.000Z,311081.03,133091.38,489070.67,0,667060.31,83254.29,311081.03,538907.77,177989.64
Holt-Winters,Histórico,0,2023-02-01T03:00:00.000Z,129068.87,0,307058.52,0,485048.16,0,129068.87,356895.62,177989.64
Holt-Winters,Histórico,0,2023-03-01T03:00:00.000Z,222997.89,45008.24,400987.53,0,578977.17,0,222997.89,450824.63,177989.64
Holt-Winters,Histórico,0,2023-04-01T03:00:00.000Z,125323.32,0,303312.96,0,481302.61,0,125323.32,353150.06,177989.64
Holt-Winters,Histórico,0,2023-05-01T03:00:00.000Z,127785.09,0,305774.74,0,483764.38,0,127785.09,355611.84,177989.64
Holt-Winters,Histórico,0,2023-06-01T03:00:00.000Z,1048292.26,870302.61,1226281.9,692312.97,1404271.54,820465.51,1048292.26,1276119,177989.64
Holt-Winters,Histórico,0,2023-07-01T03:00:00.000Z,133729.91,0,311719.55,0,489709.19,0,133729.91,361556.65,177989.64
Holt-Winters,Histórico,0,2023-08-01T03:00:00.000Z,152326.28,0,330315.93,0,508305.57,0,152326.28,380153.03,177989.64
Holt-Winters,Histórico,0,2023-09-01T03:00:00.000Z,139635.97,0,317625.61,0,495615.26,0,139635.97,367462.71,177989.64
Holt-Winters,Histórico,0,2023-10-01T03:00:00.000Z,280054.94,102065.3,458044.59,0,636034.23,52228.2,280054.94,507881.69,177989.64
Holt-Winters,Histórico,0,2023-11-01T03:00:00.000Z,409689.32,231699.68,587678.96,53710.04,765668.61,181862.58,409689.32,637516.06,177989.64
Holt-Winters,Histórico,0,2023-12-01T03:00:00.000Z,159179.66,0,337169.31,0,515158.95,0,159179.66,387006.41,177989.64
Holt-Winters,Histórico,0,2024-01-01T03:00:00.000Z,383755.01,205765.36,561744.65,27775.72,739734.29,155928.26,383755.01,611581.75,177989.64
Holt-Winters,Histórico,0,2024-02-01T03:00:00.000Z,192914.72,14925.08,370904.36,0,548894,0,192914.72,420741.46,177989.64
Holt-Winters,Histórico,0,2024-03-01T03:00:00.000Z,241316.81,63327.17,419306.45,0,597296.09,13490.07,241316.81,469143.55,177989.64
Holt-Winters,Histórico,0,2024-04-01T03:00:00.000Z,155068.13,0,333057.77,0,511047.41,0,155068.13,382894.87,177989.64
Holt-Winters,Histórico,0,2024-05-01T03:00:00.000Z,152522.83,0,330512.47,0,508502.11,0,152522.83,380349.57,177989.64
Holt-Winters,Histórico,0,2024-06-01T03:00:00.000Z,109021.22,0,287010.86,0,465000.5,0,109021.22,336847.96,177989.64
Holt-Winters,Histórico,0,2024-07-01T03:00:00.000Z,149467.3,0,327456.94,0,505446.58,0,149467.3,377294.04,177989.64
Holt-Winters,Histórico,0,2024-08-01T03:00:00.000Z,169432.09,0,347421.73,0,525411.37,0,169432.09,397258.83,177989.64
Holt-Winters,Histórico,0,2024-09-01T03:00:00.000Z,190098.33,12108.69,368087.97,0,546077.61,0,190098.33,417925.07,177989.64
Holt-Winters,Histórico,0,2024-10-01T03:00:00.000Z,286262.53,108272.88,464252.17,0,642241.81,58435.78,286262.53,514089.27,177989.64
Holt-Winters,Histórico,0,2024-11-01T03:00:00.000Z,425364.99,247375.35,603354.63,69385.7,781344.27,197538.25,425364.99,653191.73,177989.64
Holt-Winters,Histórico,0,2024-12-01T03:00:00.000Z,100814.95,0,278804.59,0,456794.23,0,100814.95,328641.69,177989.64
Holt-Winters,Histórico,0,2025-01-01T03:00:00.000Z,2027844.02,1849854.38,2205833.66,1671864.74,2383823.3,1800017.28,2027844.02,2255670.76,177989.64
Holt-Winters,Histórico,0,2025-02-01T03:00:00.000Z,148239.61,0,326229.25,0,504218.89,0,148239.61,376066.35,177989.64
Holt-Winters,Histórico,0,2025-03-01T03:00:00.000Z,210737.72,32748.07,388727.36,0,566717,0,210737.72,438564.46,177989.64
Holt-Winters,Histórico,0,2025-04-01T03:00:00.000Z,121203.33,0,299192.97,0,477182.62,0,121203.33,349030.07,177989.64
Holt-Winters,Histórico,0,2025-05-01T03:00:00.000Z,112180.28,0,290169.92,0,468159.56,0,112180.28,340007.02,177989.64
Holt-Winters,Histórico,0,2025-06-01T03:00:00.000Z,74343.8,0,252333.44,0,430323.09,0,74343.8,302170.54,177989.64
Holt-Winters,Histórico,0,2025-07-01T03:00:00.000Z,114253.62,0,292243.27,0,470232.91,0,114253.62,342080.37,177989.64
Holt-Winters,Histórico,0,2025-08-01T03:00:00.000Z,164435.68,0,342425.33,0,520414.97,0,164435.68,392262.43,177989.64
Holt-Winters,Backtest,1,2025-09-01T03:00:00.000Z,119269.91,0,269961.76,0,420653.62,0,119269.91,312155.48,150691.85
Holt-Winters,Backtest,2,2025-10-01T03:00:00.000Z,223136.59,67186.57,379086.62,0,535036.65,23520.56,223136.59,422752.63,155950.03
Holt-Winters,Backtest,3,2025-11-01T03:00:00.000Z,380656.96,213436.29,547877.64,46215.61,715098.32,166614.5,380656.96,594699.43,167220.68
Holt-Winters,Backtest,4,2025-12-01T03:00:00.000Z,86216.68,0,221606.5,0,356996.32,0,86216.68,259515.65,135389.82
Holt-Winters,Backtest,5,2026-01-01T03:00:00.000Z,298430.15,133061.79,463798.52,0,629166.88,86758.65,298430.15,510101.66,165368.36
Holt-Winters,Backtest,6,2026-02-01T03:00:00.000Z,142391.69,1942.87,282840.5,0,423289.32,0,142391.69,322166.17,140448.81
Holt-Winters,Backtest,7,2026-03-01T03:00:00.000Z,190448.13,28897.72,351998.54,0,513548.95,0,190448.13,397232.65,161550.41
Holt-Winters,Backtest,8,2026-04-01T03:00:00.000Z,116344.58,0,260306.71,0,404268.84,0,116344.58,300616.11,143962.13
Holt-Winters,Backtest,9,2026-05-01T03:00:00.000Z,112988.05,0,257033.89,0,401079.73,0,112988.05,297366.72,144045.84
Holt-Winters,Backtest,10,2026-06-01T03:00:00.000Z,86150.97,0,216438.71,0,346726.44,0,86150.97,252919.27,130287.74
Holt-Winters,Backtest,11,2026-07-01T03:00:00.000Z,111623.19,0,252942.75,0,394262.31,0,111623.19,292512.23,141319.56
Holt-Winters,Backtest,12,2026-08-01T03:00:00.000Z,157075.07,9506.75,304643.39,0,452211.71,0,157075.07,345962.52,147568.32
Holt-Winters,Forecast,1,2026-09-01T03:00:00.000Z,52901.98,-73441.7,227942.01,-224133.55,378633.86,0,6470.07,234478.36,150691.85
Holt-Winters,Forecast,2,2026-10-01T03:00:00.000Z,150985.49,-17972.49,293927.57,-173922.52,449877.59,0,104979.6,273100.22,155950.03
Holt-Winters,Forecast,3,2026-11-01T03:00:00.000Z,303354.68,105167.44,439608.8,-62053.23,606829.47,96051.63,251140.64,429788.7,167220.68
Holt-Winters,Forecast,4,2026-12-01T03:00:00.000Z,22761.97,-76907.94,193871.7,-212297.75,329261.51,0,0,149195.99,135389.82
Holt-Winters,Forecast,5,2027-01-01T03:00:00.000Z,223380.34,32325.84,363062.56,-133042.52,528430.92,12813.09,171166.29,345926.99,165368.36
Holt-Winters,Forecast,6,2027-02-01T03:00:00.000Z,66583.9,-66567.16,214330.47,-207015.97,354779.29,0,15314.38,188698.63,140448.81
Holt-Winters,Forecast,7,2027-03-01T03:00:00.000Z,111509.01,-42066.95,281033.87,-203617.36,442584.27,0,78098.6,262784.78,161550.41
Holt-Winters,Forecast,8,2027-04-01T03:00:00.000Z,39295.4,-74912.51,213011.76,-218874.64,356973.89,0,0,190571.17,143962.13
Holt-Winters,Forecast,9,2027-05-01T03:00:00.000Z,38131.79,-79603.13,208488.55,-223648.97,352534.39,0,0,164565.8,144045.84
Holt-Winters,Forecast,10,2027-06-01T03:00:00.000Z,4915.23,-77517.87,183057.61,-207805.6,313345.35,0,0,131349.24,130287.74
Holt-Winters,Forecast,11,2027-07-01T03:00:00.000Z,30137.84,-79068.98,203570.14,-220388.54,344889.7,0,0,174042.67,141319.56
Holt-Winters,Forecast,12,2027-08-01T03:00:00.000Z,70795.11,-64940.7,230195.94,-212509.02,377764.26,0,25215.23,192909.83,147568.32
,,,,,,,,,,,,
Prophet/UC,Histórico,0,2017-01-01T02:00:00.000Z,0,0,380536.8,0,761073.6,0,0,487087.1,380536.8
Prophet/UC,Histórico,0,2017-02-01T02:00:00.000Z,-61926.93,0,318609.87,0,699146.67,0,-61926.93,425160.18,380536.8
Prophet/UC,Histórico,0,2017-03-01T03:00:00.000Z,-78116.06,0,302420.74,0,682957.53,0,-78116.06,408971.04,380536.8
Prophet/UC,Histórico,0,2017-04-01T03:00:00.000Z,-23090.05,0,357446.75,0,737983.55,0,-23090.05,463997.05,380536.8
Prophet/UC,Histórico,0,2017-05-01T03:00:00.000Z,5585.21,0,386122.01,0,766658.81,0,5585.21,492672.31,380536.8
Prophet/UC,Histórico,0,2017-06-01T03:00:00.000Z,7765.3,0,388302.1,0,768838.9,0,7765.3,494852.4,380536.8
Prophet/UC,Histórico,0,2017-07-01T03:00:00.000Z,24536.37,0,405073.17,0,785609.97,0,24536.37,511623.47,380536.8
Prophet/UC,Histórico,0,2017-08-01T03:00:00.000Z,-34862.37,0,345674.43,0,726211.23,0,-34862.37,452224.74,380536.8
Prophet/UC,Histórico,0,2017-09-01T03:00:00.000Z,30092.77,0,410629.57,0,791166.36,0,30092.77,517179.87,380536.8
Prophet/UC,Histórico,0,2017-10-01T03:00:00.000Z,36412.69,0,416949.48,0,797486.28,0,36412.69,523499.79,380536.8
Prophet/UC,Histórico,0,2017-11-01T02:00:00.000Z,61365.59,0,441902.39,0,822439.19,0,61365.59,548452.69,380536.8
Prophet/UC,Histórico,0,2017-12-01T02:00:00.000Z,127170.03,0,507706.83,0,888243.63,0,127170.03,614257.14,380536.8
Prophet/UC,Histórico,0,2018-01-01T02:00:00.000Z,116574.94,0,497111.74,0,877648.54,0,116574.94,603662.05,380536.8
Prophet/UC,Histórico,0,2018-02-01T02:00:00.000Z,98577.31,0,479114.11,0,859650.91,0,98577.31,585664.41,380536.8
Prophet/UC,Histórico,0,2018-03-01T03:00:00.000Z,85237.44,0,465774.24,0,846311.03,0,85237.44,572324.54,380536.8
Prophet/UC,Histórico,0,2018-04-01T03:00:00.000Z,125729.61,0,506266.41,0,886803.21,0,125729.61,612816.72,380536.8
Prophet/UC,Histórico,0,2018-05-01T03:00:00.000Z,156764.43,0,537301.23,0,917838.03,0,156764.43,643851.54,380536.8
Prophet/UC,Histórico,0,2018-06-01T03:00:00.000Z,127557.35,0,508094.15,0,888630.95,0,127557.35,614644.45,380536.8
Prophet/UC,Histórico,0,2018-07-01T03:00:00.000Z,51415.62,0,431952.42,0,812489.22,0,51415.62,538502.72,380536.8
Prophet/UC,Histórico,0,2018-08-01T03:00:00.000Z,72151.17,0,452687.97,0,833224.77,0,72151.17,559238.27,380536.8
Prophet/UC,Histórico,0,2018-09-01T03:00:00.000Z,8944.5,0,389481.3,0,770018.1,0,8944.5,496031.6,380536.8
Prophet/UC,Histórico,0,2018-10-01T03:00:00.000Z,73226.35,0,453763.14,0,834299.94,0,73226.35,560313.45,380536.8
Prophet/UC,Histórico,0,2018-11-01T03:00:00.000Z,269493.41,0,650030.21,0,1030567.01,0,269493.41,756580.52,380536.8
Prophet/UC,Histórico,0,2018-12-01T02:00:00.000Z,256959.65,0,637496.45,0,1018033.25,0,256959.65,744046.75,380536.8
Prophet/UC,Histórico,0,2019-01-01T02:00:00.000Z,228126.16,0,608662.96,0,989199.76,0,228126.16,715213.26,380536.8
Prophet/UC,Histórico,0,2019-02-01T02:00:00.000Z,413203.61,32666.81,793740.41,0,1174277.21,0,413203.61,900290.71,380536.8
Prophet/UC,Histórico,0,2019-03-01T03:00:00.000Z,668927.9,288391.1,1049464.7,0,1430001.5,181840.8,668927.9,1156015,380536.8
Prophet/UC,Histórico,0,2019-04-01T03:00:00.000Z,316018.47,0,696555.26,0,1077092.06,0,316018.47,803105.57,380536.8
Prophet/UC,Histórico,0,2019-05-01T03:00:00.000Z,178235.9,0,558772.7,0,939309.5,0,178235.9,665323,380536.8
Prophet/UC,Histórico,0,2019-06-01T03:00:00.000Z,51495.17,0,432031.97,0,812568.77,0,51495.17,538582.27,380536.8
Prophet/UC,Histórico,0,2019-07-01T03:00:00.000Z,52180.66,0,432717.46,0,813254.26,0,52180.66,539267.77,380536.8
Prophet/UC,Histórico,0,2019-08-01T03:00:00.000Z,-102011.74,0,278525.05,0,659061.85,0,-102011.74,385075.36,380536.8
Prophet/UC,Histórico,0,2019-09-01T03:00:00.000Z,-101465.46,0,279071.33,0,659608.13,0,-101465.46,385621.64,380536.8
Prophet/UC,Histórico,0,2019-10-01T03:00:00.000Z,277382.37,0,657919.17,0,1038455.97,0,277382.37,764469.47,380536.8
Prophet/UC,Histórico,0,2019-11-01T03:00:00.000Z,-112469.55,0,268067.25,0,648604.05,0,-112469.55,374617.55,380536.8
Prophet/UC,Histórico,0,2019-12-01T03:00:00.000Z,-310050.19,0,70486.61,0,451023.41,0,-310050.19,177036.91,380536.8
Prophet/UC,Histórico,0,2020-01-01T03:00:00.000Z,440338.45,59801.65,820875.25,0,1201412.05,0,440338.45,927425.55,380536.8
Prophet/UC,Histórico,0,2020-02-01T03:00:00.000Z,-101231.35,0,279305.45,0,659842.24,0,-101231.35,385855.75,380536.8
Prophet/UC,Histórico,0,2020-03-01T03:00:00.000Z,-199088.99,0,181447.81,0,561984.61,0,-199088.99,287998.11,380536.8
Prophet/UC,Histórico,0,2020-04-01T03:00:00.000Z,-91183.6,0,289353.2,0,669890,0,-91183.6,395903.5,380536.8
Prophet/UC,Histórico,0,2020-05-01T03:00:00.000Z,50450.13,0,430986.93,0,811523.73,0,50450.13,537537.23,380536.8
Prophet/UC,Histórico,0,2020-06-01T03:00:00.000Z,34580.22,0,415117.02,0,795653.81,0,34580.22,521667.32,380536.8
Prophet/UC,Histórico,0,2020-07-01T03:00:00.000Z,70180.38,0,450717.18,0,831253.98,0,70180.38,557267.48,380536.8
Prophet/UC,Histórico,0,2020-08-01T03:00:00.000Z,94053.04,0,474589.84,0,855126.64,0,94053.04,581140.14,380536.8
Prophet/UC,Histórico,0,2020-09-01T03:00:00.000Z,-13024.67,0,367512.13,0,748048.93,0,-13024.67,474062.43,380536.8
Prophet/UC,Histórico,0,2020-10-01T03:00:00.000Z,114574.68,0,495111.48,0,875648.28,0,114574.68,601661.79,380536.8
Prophet/UC,Histórico,0,2020-11-01T03:00:00.000Z,29554.41,0,410091.2,0,790628,0,29554.41,516641.51,380536.8
Prophet/UC,Histórico,0,2020-12-01T03:00:00.000Z,269082.93,0,649619.73,0,1030156.53,0,269082.93,756170.04,380536.8
Prophet/UC,Histórico,0,2021-01-01T03:00:00.000Z,605860.18,225323.38,986396.98,0,1366933.78,118773.08,605860.18,1092947.29,380536.8
Prophet/UC,Histórico,0,2021-02-01T03:00:00.000Z,303402.24,0,683939.04,0,1064475.84,0,303402.24,790489.34,380536.8
Prophet/UC,Histórico,0,2021-03-01T03:00:00.000Z,87073.58,0,467610.38,0,848147.17,0,87073.58,574160.68,380536.8
Prophet/UC,Histórico,0,2021-04-01T03:00:00.000Z,77431.32,0,457968.11,0,838504.91,0,77431.32,564518.42,380536.8
Prophet/UC,Histórico,0,2021-05-01T03:00:00.000Z,168943.22,0,549480.02,0,930016.82,0,168943.22,656030.32,380536.8
Prophet/UC,Histórico,0,2021-06-01T03:00:00.000Z,140549.03,0,521085.83,0,901622.63,0,140549.03,627636.14,380536.8
Prophet/UC,Histórico,0,2021-07-01T03:00:00.000Z,71348.21,0,451885.01,0,832421.81,0,71348.21,558435.31,380536.8
Prophet/UC,Histórico,0,2021-08-01T03:00:00.000Z,42223.66,0,422760.46,0,803297.26,0,42223.66,529310.77,380536.8
Prophet/UC,Histórico,0,2021-09-01T03:00:00.000Z,229777.7,0,610314.5,0,990851.3,0,229777.7,716864.8,380536.8
Prophet/UC,Histórico,0,2021-10-01T03:00:00.000Z,177632.15,0,558168.95,0,938705.75,0,177632.15,664719.26,380536.8
Prophet/UC,Histórico,0,2021-11-01T03:00:00.000Z,809965.08,429428.28,1190501.88,48891.48,1571038.68,322877.98,809965.08,1297052.18,380536.8
Prophet/UC,Histórico,0,2021-12-01T03:00:00.000Z,239457.66,0,619994.46,0,1000531.26,0,239457.66,726544.76,380536.8
Prophet/UC,Histórico,0,2022-01-01T03:00:00.000Z,417365.46,36828.66,797902.25,0,1178439.05,0,417365.46,904452.56,380536.8
Prophet/UC,Histórico,0,2022-02-01T03:00:00.000Z,210454.23,0,590991.03,0,971527.83,0,210454.23,697541.33,380536.8
Prophet/UC,Histórico,0,2022-03-01T03:00:00.000Z,308425.86,0,688962.65,0,1069499.45,0,308425.86,795512.96,380536.8
Prophet/UC,Histórico,0,2022-04-01T03:00:00.000Z,83812.4,0,464349.2,0,844886,0,83812.4,570899.5,380536.8
Prophet/UC,Histórico,0,2022-05-01T03:00:00.000Z,-145382.84,0,235153.96,0,615690.76,0,-145382.84,341704.27,380536.8
Prophet/UC,Histórico,0,2022-06-01T03:00:00.000Z,59415.29,0,439952.09,0,820488.89,0,59415.29,546502.39,380536.8
Prophet/UC,Histórico,0,2022-07-01T03:00:00.000Z,266869.23,0,647406.02,0,1027942.82,0,266869.23,753956.33,380536.8
Prophet/UC,Histórico,0,2022-08-01T03:00:00.000Z,686122.37,305585.57,1066659.16,0,1447195.96,199035.26,686122.37,1173209.47,380536.8
Prophet/UC,Histórico,0,2022-09-01T03:00:00.000Z,25380.33,0,405917.13,0,786453.93,0,25380.33,512467.43,380536.8
Prophet/UC,Histórico,0,2022-10-01T03:00:00.000Z,-50939.74,0,329597.06,0,710133.86,0,-50939.74,436147.37,380536.8
Prophet/UC,Histórico,0,2022-11-01T03:00:00.000Z,926982.97,546446.17,1307519.76,165909.37,1688056.56,439895.86,926982.97,1414070.07,380536.8
Prophet/UC,Histórico,0,2022-12-01T03:00:00.000Z,-246171.61,0,134365.19,0,514901.98,0,-246171.61,240915.49,380536.8
Prophet/UC,Histórico,0,2023-01-01T03:00:00.000Z,-212397.87,0,168138.93,0,548675.73,0,-212397.87,274689.24,380536.8
Prophet/UC,Histórico,0,2023-02-01T03:00:00.000Z,-84181.86,0,296354.94,0,676891.74,0,-84181.86,402905.24,380536.8
Prophet/UC,Histórico,0,2023-03-01T03:00:00.000Z,277139.1,0,657675.9,0,1038212.7,0,277139.1,764226.2,380536.8
Prophet/UC,Histórico,0,2023-04-01T03:00:00.000Z,211048.92,0,591585.72,0,972122.52,0,211048.92,698136.02,380536.8
Prophet/UC,Histórico,0,2023-05-01T03:00:00.000Z,676258.58,295721.78,1056795.38,0,1437332.17,189171.47,676258.58,1163345.68,380536.8
Prophet/UC,Histórico,0,2023-06-01T03:00:00.000Z,122476.97,0,503013.77,0,883550.57,0,122476.97,609564.07,380536.8
Prophet/UC,Histórico,0,2023-07-01T03:00:00.000Z,266895.19,0,647431.99,0,1027968.79,0,266895.19,753982.29,380536.8
Prophet/UC,Histórico,0,2023-08-01T03:00:00.000Z,674429.33,293892.53,1054966.13,0,1435502.92,187342.22,674429.33,1161516.43,380536.8
Prophet/UC,Histórico,0,2023-09-01T03:00:00.000Z,353195.58,0,733732.38,0,1114269.18,0,353195.58,840282.69,380536.8
Prophet/UC,Histórico,0,2023-10-01T03:00:00.000Z,452677.25,72140.45,833214.05,0,1213750.85,0,452677.25,939764.35,380536.8
Prophet/UC,Histórico,0,2023-11-01T03:00:00.000Z,728784.16,348247.36,1109320.96,0,1489857.76,241697.06,728784.16,1215871.26,380536.8
Prophet/UC,Histórico,0,2023-12-01T03:00:00.000Z,162269.42,0,542806.22,0,923343.02,0,162269.42,649356.53,380536.8
Prophet/UC,Histórico,0,2024-01-01T03:00:00.000Z,345470.79,0,726007.59,0,1106544.39,0,345470.79,832557.89,380536.8
Prophet/UC,Histórico,0,2024-02-01T03:00:00.000Z,292600.17,0,673136.97,0,1053673.77,0,292600.17,779687.27,380536.8
Prophet/UC,Histórico,0,2024-03-01T03:00:00.000Z,-151117.86,0,229418.94,0,609955.74,0,-151117.86,335969.24,380536.8
Prophet/UC,Histórico,0,2024-04-01T03:00:00.000Z,-92766.71,0,287770.09,0,668306.89,0,-92766.71,394320.39,380536.8
Prophet/UC,Histórico,0,2024-05-01T03:00:00.000Z,-9436.8,0,371100,0,751636.8,0,-9436.8,477650.3,380536.8
Prophet/UC,Histórico,0,2024-06-01T03:00:00.000Z,707087.71,326550.91,1087624.51,0,1468161.31,220000.61,707087.71,1194174.81,380536.8
Prophet/UC,Histórico,0,2024-07-01T03:00:00.000Z,-304322.29,0,76214.51,0,456751.31,0,-304322.29,182764.81,380536.8
Prophet/UC,Histórico,0,2024-08-01T03:00:00.000Z,-102400.23,0,278136.57,0,658673.36,0,-102400.23,384686.87,380536.8
Prophet/UC,Histórico,0,2024-09-01T03:00:00.000Z,241423.7,0,621960.5,0,1002497.3,0,241423.7,728510.8,380536.8
Prophet/UC,Histórico,0,2024-10-01T03:00:00.000Z,181127.55,0,561664.35,0,942201.15,0,181127.55,668214.65,380536.8
Prophet/UC,Histórico,0,2024-11-01T03:00:00.000Z,810506.11,429969.31,1191042.9,49432.51,1571579.7,323419,810506.11,1297593.21,380536.8
Prophet/UC,Histórico,0,2024-12-01T03:00:00.000Z,-96617.28,0,283919.52,0,664456.32,0,-96617.28,390469.82,380536.8
Prophet/UC,Histórico,0,2025-01-01T03:00:00.000Z,-86227.38,0,294309.42,0,674846.22,0,-86227.38,400859.72,380536.8
Prophet/UC,Histórico,0,2025-02-01T03:00:00.000Z,570988.94,190452.14,951525.74,0,1332062.54,83901.84,570988.94,1058076.04,380536.8
Prophet/UC,Histórico,0,2025-03-01T03:00:00.000Z,990395.34,609858.54,1370932.14,229321.74,1751468.94,503308.24,990395.34,1477482.44,380536.8
Prophet/UC,Histórico,0,2025-04-01T03:00:00.000Z,776117.39,395580.59,1156654.19,15043.79,1537190.99,289030.29,776117.39,1263204.49,380536.8
Prophet/UC,Histórico,0,2025-05-01T03:00:00.000Z,398071.33,17534.53,778608.13,0,1159144.93,0,398071.33,885158.43,380536.8
Prophet/UC,Histórico,0,2025-06-01T03:00:00.000Z,342140.54,0,722677.34,0,1103214.14,0,342140.54,829227.64,380536.8
Prophet/UC,Histórico,0,2025-07-01T03:00:00.000Z,-151985.12,0,228551.68,0,609088.48,0,-151985.12,335101.98,380536.8
Prophet/UC,Histórico,0,2025-08-01T03:00:00.000Z,331594.85,0,712131.65,0,1092668.45,0,331594.85,818681.96,380536.8
Prophet/UC,Backtest,1,2025-09-01T03:00:00.000Z,0,0,237814.46,0,475628.92,0,0,304402.51,237814.46
Prophet/UC,Backtest,2,2025-10-01T03:00:00.000Z,0,0,226972.07,0,453944.14,0,0,290524.25,226972.07
Prophet/UC,Backtest,3,2025-11-01T03:00:00.000Z,0,0,149157.62,0,298315.25,0,0,190921.76,149157.62
Prophet/UC,Backtest,4,2025-12-01T03:00:00.000Z,0,0,280153.29,0,560306.58,0,0,358596.21,280153.29
Prophet/UC,Backtest,5,2026-01-01T03:00:00.000Z,620688.96,325903.8,915474.12,31118.64,1210259.28,243363.96,620688.96,998013.97,294785.16
Prophet/UC,Backtest,6,2026-02-01T03:00:00.000Z,0,0,191126.11,0,382252.21,0,0,244641.42,191126.11
Prophet/UC,Backtest,7,2026-03-01T03:00:00.000Z,0,0,183062.92,0,366125.85,0,0,234320.54,183062.92
Prophet/UC,Backtest,8,2026-04-01T03:00:00.000Z,0,0,205447.95,0,410895.9,0,0,262973.38,205447.95
Prophet/UC,Backtest,9,2026-05-01T03:00:00.000Z,0,0,262004.6,0,524009.19,0,0,335365.88,262004.6
Prophet/UC,Backtest,10,2026-06-01T03:00:00.000Z,0,0,193495.69,0,386991.38,0,0,247674.49,193495.69
Prophet/UC,Backtest,11,2026-07-01T03:00:00.000Z,0,0,226041.08,0,452082.17,0,0,289332.59,226041.08
Prophet/UC,Backtest,12,2026-08-01T03:00:00.000Z,0,0,253765.95,0,507531.9,0,0,324820.42,253765.95
Prophet/UC,Forecast,1,2026-09-01T03:00:00.000Z,25657.49,-118109.01,357519.91,-355923.47,595334.37,0,0,274205.66,237814.46
Prophet/UC,Forecast,2,2026-10-01T03:00:00.000Z,0,-107534.68,346409.46,-334506.76,573381.53,0,0,471529.93,226972.07
Prophet/UC,Forecast,3,2026-11-01T03:00:00.000Z,13061.79,-68424.86,229890.39,-217582.48,379048.01,0,0,261609.96,149157.62
Prophet/UC,Forecast,4,2026-12-01T03:00:00.000Z,115038.52,-82268.53,478038.05,-362421.82,758191.34,0,92442.09,606456.35,280153.29
Prophet/UC,Forecast,5,2027-01-01T03:00:00.000Z,327516.85,57619.6,647189.92,-237165.56,941975.08,41395.48,301105.96,815913.19,294785.16
Prophet/UC,Forecast,6,2027-02-01T03:00:00.000Z,0,-76737.58,305514.64,-267863.68,496640.74,0,0,318970.75,191126.11
Prophet/UC,Forecast,7,2027-03-01T03:00:00.000Z,0,-103139.13,262986.72,-286202.06,446049.64,0,0,248548.17,183062.92
Prophet/UC,Forecast,8,2027-04-01T03:00:00.000Z,0,-94579.11,316316.79,-300027.07,521764.74,0,0,359860.82,205447.95
Prophet/UC,Forecast,9,2027-05-01T03:00:00.000Z,0,-101668.2,422340.99,-363672.8,684345.59,0,0,500395.85,262004.6
Prophet/UC,Forecast,10,2027-06-01T03:00:00.000Z,0,-75115.27,311876.11,-268610.96,505371.8,0,0,347453.14,193495.69
Prophet/UC,Forecast,11,2027-07-01T03:00:00.000Z,0,-97602.54,354479.63,-323643.62,580520.72,0,0,497676.51,226041.08
Prophet/UC,Forecast,12,2027-08-01T03:00:00.000Z,0,-116710.28,390821.63,-370476.23,644587.58,0,0,491417.84,253765.95
,,,,,,,,,,,,
Theta,Backtest,1,2025-09-01T03:00:00.000Z,164791.45,164791.45,164791.45,164791.45,164791.45,164791.45,164791.45,164791.45,0
Theta,Backtest,2,2025-10-01T03:00:00.000Z,165395.68,165395.68,165395.68,165395.68,165395.68,165395.68,165395.68,165395.68,0
Theta,Backtest,3,2025-11-01T03:00:00.000Z,165999.92,165999.92,165999.92,165999.92,165999.92,165999.92,165999.92,165999.92,0
Theta,Backtest,4,2025-12-01T03:00:00.000Z,166604.15,166604.15,166604.15,166604.15,166604.15,166604.15,166604.15,166604.15,0
Theta,Backtest,5,2026-01-01T03:00:00.000Z,167208.39,167208.39,167208.39,167208.39,167208.39,167208.39,167208.39,167208.39,0
Theta,Backtest,6,2026-02-01T03:00:00.000Z,167812.62,167812.62,167812.62,167812.62,167812.62,167812.62,167812.62,167812.62,0
Theta,Backtest,7,2026-03-01T03:00:00.000Z,168416.86,168416.86,168416.86,168416.86,168416.86,168416.86,168416.86,168416.86,0
Theta,Backtest,8,2026-04-01T03:00:00.000Z,169021.09,169021.09,169021.09,169021.09,169021.09,169021.09,169021.09,169021.09,0
Theta,Backtest,9,2026-05-01T03:00:00.000Z,169625.33,169625.33,169625.33,169625.33,169625.33,169625.33,169625.33,169625.33,0
Theta,Backtest,10,2026-06-01T03:00:00.000Z,170229.56,170229.56,170229.56,170229.56,170229.56,170229.56,170229.56,170229.56,0
Theta,Backtest,11,2026-07-01T03:00:00.000Z,170833.8,170833.8,170833.8,170833.8,170833.8,170833.8,170833.8,170833.8,0
Theta,Backtest,12,2026-08-01T03:00:00.000Z,171438.03,171438.03,171438.03,171438.03,171438.03,171438.03,171438.03,171438.03,0
Theta,Forecast,1,2026-09-01T03:00:00.000Z,118028.67,118028.67,118028.67,118028.67,118028.67,118028.67,118028.67,118028.67,0
Theta,Forecast,2,2026-10-01T03:00:00.000Z,118347.99,118347.99,118347.99,118347.99,118347.99,118347.99,118347.99,118347.99,0
Theta,Forecast,3,2026-11-01T03:00:00.000Z,118667.32,118667.32,118667.32,118667.32,118667.32,118667.32,118667.32,118667.32,0
Theta,Forecast,4,2026-12-01T03:00:00.000Z,118986.64,118986.64,118986.64,118986.64,118986.64,118986.64,118986.64,118986.64,0
Theta,Forecast,5,2027-01-01T03:00:00.000Z,119305.96,119305.96,119305.96,119305.96,119305.96,119305.96,119305.96,119305.96,0
Theta,Forecast,6,2027-02-01T03:00:00.000Z,119625.29,119625.29,119625.29,119625.29,119625.29,119625.29,119625.29,119625.29,0
Theta,Forecast,7,2027-03-01T03:00:00.000Z,119944.61,119944.61,119944.61,119944.61,119944.61,119944.61,119944.61,119944.61,0
Theta,Forecast,8,2027-04-01T03:00:00.000Z,120263.94,120263.94,120263.94,120263.94,120263.94,120263.94,120263.94,120263.94,0
Theta,Forecast,9,2027-05-01T03:00:00.000Z,120583.26,120583.26,120583.26,120583.26,120583.26,120583.26,120583.26,120583.26,0
Theta,Forecast,10,2027-06-01T03:00:00.000Z,120902.59,120902.59,120902.59,120902.59,120902.59,120902.59,120902.59,120902.59,0
Theta,Forecast,11,2027-07-01T03:00:00.000Z,121221.91,121221.91,121221.91,121221.91,121221.91,121221.91,121221.91,121221.91,0
Theta,Forecast,12,2027-08-01T03:00:00.000Z,121541.24,121541.24,121541.24,121541.24,121541.24,121541.24,121541.24,121541.24,0
,,,,,,,,,,,,
GradientBoosting,Histórico,0,2018-02-01T02:00:00.000Z,97484.77,58793.34,136176.19,20101.91,174867.62,47959.74,97484.77,147009.79,38691.43
GradientBoosting,Histórico,0,2018-03-01T03:00:00.000Z,215151.99,176460.56,253843.42,137769.14,292534.84,165626.96,215151.99,264677.02,38691.43
GradientBoosting,Histórico,0,2018-04-01T03:00:00.000Z,18529.5,0,57220.93,0,95912.36,0,18529.5,68054.53,38691.43
GradientBoosting,Histórico,0,2018-05-01T03:00:00.000Z,77268.1,38576.67,115959.53,0,154650.96,27743.08,77268.1,126793.13,38691.43
GradientBoosting,Histórico,0,2018-06-01T03:00:00.000Z,50950.87,12259.45,89642.3,0,128333.73,1425.85,50950.87,100475.9,38691.43
GradientBoosting,Histórico,0,2018-07-01T03:00:00.000Z,124778.64,86087.21,163470.06,47395.78,202161.49,75253.61,124778.64,174303.66,38691.43
GradientBoosting,Histórico,0,2018-08-01T03:00:00.000Z,51707.66,13016.23,90399.09,0,129090.51,2182.63,51707.66,101232.68,38691.43
GradientBoosting,Histórico,0,2018-09-01T03:00:00.000Z,110289.12,71597.69,148980.55,32906.26,187671.97,60764.09,110289.12,159814.14,38691.43
GradientBoosting,Histórico,0,2018-10-01T03:00:00.000Z,481675.03,442983.6,520366.46,404292.18,559057.88,432150,481675.03,531200.06,38691.43
GradientBoosting,Histórico,0,2018-11-01T03:00:00.000Z,170455.08,131763.65,209146.51,93072.23,247837.93,120930.05,170455.08,219980.11,38691.43
GradientBoosting,Histórico,0,2018-12-01T02:00:00.000Z,57010.99,18319.56,95702.42,0,134393.84,7485.96,57010.99,106536.01,38691.43
GradientBoosting,Histórico,0,2019-01-01T02:00:00.000Z,812673.24,773981.81,851364.67,735290.39,890056.1,763148.22,812673.24,862198.27,38691.43
GradientBoosting,Histórico,0,2019-02-01T02:00:00.000Z,144089.84,105398.42,182781.27,66706.99,221472.7,94564.82,144089.84,193614.87,38691.43
GradientBoosting,Histórico,0,2019-03-01T03:00:00.000Z,48357.9,9666.47,87049.33,0,125740.75,0,48357.9,97882.93,38691.43
GradientBoosting,Histórico,0,2019-04-01T03:00:00.000Z,53583.47,14892.04,92274.9,0,130966.32,4058.44,53583.47,103108.5,38691.43
GradientBoosting,Histórico,0,2019-05-01T03:00:00.000Z,103440.26,64748.84,142131.69,26057.41,180823.12,53915.24,103440.26,152965.29,38691.43
GradientBoosting,Histórico,0,2019-06-01T03:00:00.000Z,47175.11,8483.68,85866.53,0,124557.96,0,47175.11,96700.13,38691.43
GradientBoosting,Histórico,0,2019-07-01T03:00:00.000Z,56663.42,17971.99,95354.85,0,134046.27,7138.39,56663.42,106188.44,38691.43
GradientBoosting,Histórico,0,2019-08-01T03:00:00.000Z,118374.39,79682.96,157065.81,40991.53,195757.24,68849.36,118374.39,167899.41,38691.43
GradientBoosting,Histórico,0,2019-09-01T03:00:00.000Z,99453.08,60761.65,138144.51,22070.23,176835.93,49928.05,99453.08,148978.11,38691.43
GradientBoosting,Histórico,0,2019-10-01T03:00:00.000Z,88044.1,49352.67,126735.52,10661.24,165426.95,38519.07,88044.1,137569.12,38691.43
GradientBoosting,Histórico,0,2019-11-01T03:00:00.000Z,18465.88,0,57157.31,0,95848.73,0,18465.88,67990.91,38691.43
GradientBoosting,Histórico,0,2019-12-01T03:00:00.000Z,56864.13,18172.7,95555.56,0,134246.98,7339.1,56864.13,106389.16,38691.43
GradientBoosting,Histórico,0,2020-01-01T03:00:00.000Z,58465.89,19774.46,97157.32,0,135848.74,8940.86,58465.89,107990.91,38691.43
GradientBoosting,Histórico,0,2020-02-01T03:00:00.000Z,6642.93,0,45334.36,0,84025.79,0,6642.93,56167.96,38691.43
GradientBoosting,Histórico,0,2020-03-01T03:00:00.000Z,36408.34,0,75099.76,0,113791.19,0,36408.34,85933.36,38691.43
GradientBoosting,Histórico,0,2020-04-01T03:00:00.000Z,23781.98,0,62473.41,0,101164.84,0,23781.98,73307.01,38691.43
GradientBoosting,Histórico,0,2020-05-01T03:00:00.000Z,12429.66,0,51121.08,0,89812.51,0,12429.66,61954.68,38691.43
GradientBoosting,Histórico,0,2020-06-01T03:00:00.000Z,17845.78,0,56537.2,0,95228.63,0,17845.78,67370.8,38691.43
GradientBoosting,Histórico,0,2020-07-01T03:00:00.000Z,5088.69,0,43780.11,0,82471.54,0,5088.69,54613.71,38691.43
GradientBoosting,Histórico,0,2020-08-01T03:00:00.000Z,25927.79,0,64619.21,0,103310.64,0,25927.79,75452.81,38691.43
GradientBoosting,Histórico,0,2020-09-01T03:00:00.000Z,72263.73,33572.31,110955.16,0,149646.59,22738.71,72263.73,121788.76,38691.43
GradientBoosting,Histórico,0,2020-10-01T03:00:00.000Z,38669.74,0,77361.16,0,116052.59,0,38669.74,88194.76,38691.43
GradientBoosting,Histórico,0,2020-11-01T03:00:00.000Z,870253.28,831561.86,908944.71,792870.43,947636.14,820728.26,870253.28,919778.31,38691.43
GradientBoosting,Histórico,0,2020-12-01T03:00:00.000Z,40806.47,2115.04,79497.9,0,118189.33,0,40806.47,90331.5,38691.43
GradientBoosting,Histórico,0,2021-01-01T03:00:00.000Z,92399.93,53708.51,131091.36,15017.08,169782.79,42874.91,92399.93,141924.96,38691.43
GradientBoosting,Histórico,0,2021-02-01T03:00:00.000Z,46259.95,7568.53,84951.38,0,123642.81,0,46259.95,95784.98,38691.43
GradientBoosting,Histórico,0,2021-03-01T03:00:00.000Z,278698.36,240006.93,317389.79,201315.5,356081.21,229173.33,278698.36,328223.38,38691.43
GradientBoosting,Histórico,0,2021-04-01T03:00:00.000Z,153322.97,114631.55,192014.4,75940.12,230705.83,103797.95,153322.97,202848,38691.43
GradientBoosting,Histórico,0,2021-05-01T03:00:00.000Z,27589.48,0,66280.91,0,104972.33,0,27589.48,77114.51,38691.43
GradientBoosting,Histórico,0,2021-06-01T03:00:00.000Z,39098.4,406.97,77789.82,0,116481.25,0,39098.4,88623.42,38691.43
GradientBoosting,Histórico,0,2021-07-01T03:00:00.000Z,66198.66,27507.23,104890.08,0,143581.51,16673.63,66198.66,115723.68,38691.43
GradientBoosting,Histórico,0,2021-08-01T03:00:00.000Z,563453.79,524762.37,602145.22,486070.94,640836.65,513928.77,563453.79,612978.82,38691.43
GradientBoosting,Histórico,0,2021-09-01T03:00:00.000Z,49533.7,10842.28,88225.13,0,126916.56,8.68,49533.7,99058.73,38691.43
GradientBoosting,Histórico,0,2021-10-01T03:00:00.000Z,135594.68,96903.25,174286.11,58211.83,212977.53,86069.65,135594.68,185119.71,38691.43
GradientBoosting,Histórico,0,2021-11-01T03:00:00.000Z,1142895.16,1104203.74,1181586.59,1065512.31,1220278.02,1093370.14,1142895.16,1192420.19,38691.43
GradientBoosting,Histórico,0,2021-12-01T03:00:00.000Z,36901.63,0,75593.05,0,114284.48,0,36901.63,86426.65,38691.43
GradientBoosting,Histórico,0,2022-01-01T03:00:00.000Z,120227.37,81535.95,158918.8,42844.52,197610.23,70702.35,120227.37,169752.4,38691.43
GradientBoosting,Histórico,0,2022-02-01T03:00:00.000Z,85678.01,46986.58,124369.44,8295.16,163060.86,36152.98,85678.01,135203.04,38691.43
GradientBoosting,Histórico,0,2022-03-01T03:00:00.000Z,101817.65,63126.22,140509.07,24434.79,179200.5,52292.62,101817.65,151342.67,38691.43
GradientBoosting,Histórico,0,2022-04-01T03:00:00.000Z,32961.55,0,71652.98,0,110344.41,0,32961.55,82486.58,38691.43
GradientBoosting,Histórico,0,2022-05-01T03:00:00.000Z,562745.33,524053.9,601436.75,485362.47,640128.18,513220.3,562745.33,612270.35,38691.43
GradientBoosting,Histórico,0,2022-06-01T03:00:00.000Z,112691.58,74000.15,151383.01,35308.73,190074.43,63166.55,112691.58,162216.61,38691.43
GradientBoosting,Histórico,0,2022-07-01T03:00:00.000Z,58561.94,19870.51,97253.37,0,135944.79,9036.91,58561.94,108086.97,38691.43
GradientBoosting,Histórico,0,2022-08-01T03:00:00.000Z,184829.68,146138.25,223521.11,107446.83,262212.53,135304.65,184829.68,234354.71,38691.43
GradientBoosting,Histórico,0,2022-09-01T03:00:00.000Z,26554.62,0,65246.04,0,103937.47,0,26554.62,76079.64,38691.43
GradientBoosting,Histórico,0,2022-10-01T03:00:00.000Z,146688.66,107997.23,185380.09,69305.8,224071.51,97163.63,146688.66,196213.68,38691.43
GradientBoosting,Histórico,0,2022-11-01T03:00:00.000Z,304514.3,265822.88,343205.73,227131.45,381897.16,254989.28,304514.3,354039.33,38691.43
GradientBoosting,Histórico,0,2022-12-01T03:00:00.000Z,18938.82,0,57630.24,0,96321.67,0,18938.82,68463.84,38691.43
GradientBoosting,Histórico,0,2023-01-01T03:00:00.000Z,242473.38,203781.96,281164.81,165090.53,319856.24,192948.36,242473.38,291998.41,38691.43
GradientBoosting,Histórico,0,2023-02-01T03:00:00.000Z,365793.63,327102.21,404485.06,288410.78,443176.49,316268.61,365793.63,415318.66,38691.43
GradientBoosting,Histórico,0,2023-03-01T03:00:00.000Z,58697.7,20006.27,97389.13,0,136080.56,9172.68,58697.7,108222.73,38691.43
GradientBoosting,Histórico,0,2023-04-01T03:00:00.000Z,148241.07,109549.64,186932.49,70858.21,225623.92,98716.04,148241.07,197766.09,38691.43
GradientBoosting,Histórico,0,2023-05-01T03:00:00.000Z,126737.2,88045.77,165428.62,49354.34,204120.05,77212.17,126737.2,176262.22,38691.43
GradientBoosting,Histórico,0,2023-06-01T03:00:00.000Z,1094552.57,1055861.15,1133244,1017169.72,1171935.43,1045027.55,1094552.57,1144077.6,38691.43
GradientBoosting,Histórico,0,2023-07-01T03:00:00.000Z,78795.12,40103.7,117486.55,1412.27,156177.98,29270.1,78795.12,128320.15,38691.43
GradientBoosting,Histórico,0,2023-08-01T03:00:00.000Z,222748.36,184056.94,261439.79,145365.51,300131.22,173223.34,222748.36,272273.39,38691.43
GradientBoosting,Histórico,0,2023-09-01T03:00:00.000Z,323223.43,284532.01,361914.86,245840.58,400606.29,273698.41,323223.43,372748.46,38691.43
GradientBoosting,Histórico,0,2023-10-01T03:00:00.000Z,130755.14,92063.71,169446.56,53372.28,208137.99,81230.11,130755.14,180280.16,38691.43
GradientBoosting,Histórico,0,2023-11-01T03:00:00.000Z,725381.96,686690.53,764073.39,647999.11,802764.81,675856.93,725381.96,774906.99,38691.43
GradientBoosting,Histórico,0,2023-12-01T03:00:00.000Z,138863.48,100172.05,177554.91,61480.63,216246.33,89338.45,138863.48,188388.51,38691.43
GradientBoosting,Histórico,0,2024-01-01T03:00:00.000Z,96360.84,57669.41,135052.26,18977.98,173743.69,46835.81,96360.84,145885.86,38691.43
GradientBoosting,Histórico,0,2024-02-01T03:00:00.000Z,72582.42,33890.99,111273.85,0,149965.27,23057.39,72582.42,122107.45,38691.43
GradientBoosting,Histórico,0,2024-03-01T03:00:00.000Z,120974.6,82283.17,159666.03,43591.75,198357.45,71449.57,120974.6,170499.63,38691.43
GradientBoosting,Histórico,0,2024-04-01T03:00:00.000Z,148986.09,110294.67,187677.52,71603.24,226368.95,99461.07,148986.09,198511.12,38691.43
GradientBoosting,Histórico,0,2024-05-01T03:00:00.000Z,91092.96,52401.54,129784.39,13710.11,168475.82,41567.94,91092.96,140617.99,38691.43
GradientBoosting,Histórico,0,2024-06-01T03:00:00.000Z,151386.04,112694.61,190077.46,74003.18,228768.89,101861.01,151386.04,200911.06,38691.43
GradientBoosting,Histórico,0,2024-07-01T03:00:00.000Z,100952.63,62261.2,139644.05,23569.77,178335.48,51427.6,100952.63,150477.65,38691.43
GradientBoosting,Histórico,0,2024-08-01T03:00:00.000Z,527500.75,488809.32,566192.18,450117.89,604883.6,477975.72,527500.75,577025.77,38691.43
GradientBoosting,Histórico,0,2024-09-01T03:00:00.000Z,26567.59,0,65259.01,0,103950.44,0,26567.59,76092.61,38691.43
GradientBoosting,Histórico,0,2024-10-01T03:00:00.000Z,31956.52,0,70647.95,0,109339.38,0,31956.52,81481.55,38691.43
GradientBoosting,Histórico,0,2024-11-01T03:00:00.000Z,173205.09,134513.67,211896.52,95822.24,250587.95,123680.07,173205.09,222730.12,38691.43
GradientBoosting,Histórico,0,2024-12-01T03:00:00.000Z,129479.52,90788.1,168170.95,52096.67,206862.38,79954.5,129479.52,179004.55,38691.43
GradientBoosting,Histórico,0,2025-01-01T03:00:00.000Z,1862437.68,1823746.25,1901129.1,1785054.82,1939820.53,1812912.65,1862437.68,1911962.7,38691.43
GradientBoosting,Histórico,0,2025-02-01T03:00:00.000Z,142156.54,103465.11,180847.97,64773.68,219539.39,92631.51,142156.54,191681.56,38691.43
GradientBoosting,Histórico,0,2025-03-01T03:00:00.000Z,93112.16,54420.74,131803.59,15729.31,170495.02,43587.14,93112.16,142637.19,38691.43
GradientBoosting,Histórico,0,2025-04-01T03:00:00.000Z,88750.03,50058.61,127441.46,11367.18,166132.89,39225.01,88750.03,138275.06,38691.43
GradientBoosting,Histórico,0,2025-05-01T03:00:00.000Z,75901.32,37209.89,114592.75,0,153284.17,26376.29,75901.32,125426.35,38691.43
GradientBoosting,Histórico,0,2025-06-01T03:00:00.000Z,157535.53,118844.1,196226.96,80152.68,234918.39,108010.5,157535.53,207060.56,38691.43
GradientBoosting,Histórico,0,2025-07-01T03:00:00.000Z,129004.1,90312.67,167695.53,51621.25,206386.95,79479.07,129004.1,178529.13,38691.43
GradientBoosting,Histórico,0,2025-08-01T03:00:00.000Z,145243.1,106551.68,183934.53,67860.25,222625.96,95718.08,145243.1,194768.13,38691.43
GradientBoosting,Backtest,1,2025-09-01T03:00:00.000Z,232712.42,188839.7,276585.13,144966.98,320457.85,176555.34,232712.42,288869.5,43872.72
GradientBoosting,Backtest,2,2025-10-01T03:00:00.000Z,248006.83,210893.62,285120.04,173780.41,322233.25,200501.92,248006.83,295511.74,37113.21
GradientBoosting,Backtest,3,2025-11-01T03:00:00.000Z,27032.98,0,65904.93,0,104776.88,0,27032.98,76789.07,38871.95
GradientBoosting,Backtest,4,2025-12-01T03:00:00.000Z,75344.66,36985.59,113703.74,0,152062.81,26245.05,75344.66,124444.28,38359.07
GradientBoosting,Backtest,5,2026-01-01T03:00:00.000Z,65377.82,27376.24,103379.4,0,141380.98,16735.8,65377.82,114019.84,38001.58
GradientBoosting,Backtest,6,2026-02-01T03:00:00.000Z,131372.41,94848.29,167896.54,58324.16,204420.67,84621.53,131372.41,178123.3,36524.13
GradientBoosting,Backtest,7,2026-03-01T03:00:00.000Z,124929.28,86286.43,163572.12,47643.59,202214.96,75466.44,124929.28,174392.12,38642.84
GradientBoosting,Backtest,8,2026-04-01T03:00:00.000Z,127137.55,90833.38,163441.72,54529.21,199745.89,80668.21,127137.55,173606.89,36304.17
GradientBoosting,Backtest,9,2026-05-01T03:00:00.000Z,32316.94,0,68598.54,0,104880.14,0,32316.94,78757.39,36281.6
GradientBoosting,Backtest,10,2026-06-01T03:00:00.000Z,88133.11,50583.2,125683.03,13033.28,163232.95,40069.22,88133.11,136197.01,37549.92
GradientBoosting,Backtest,11,2026-07-01T03:00:00.000Z,135899.73,97393.84,174405.62,58887.96,212911.51,86612.2,135899.73,185187.27,38505.89
GradientBoosting,Backtest,12,2026-08-01T03:00:00.000Z,131289.93,92458.53,170121.33,53627.13,208952.73,81585.74,131289.93,180994.12,38831.4
GradientBoosting,Forecast,1,2026-09-01T03:00:00.000Z,164510.05,126497.18,214242.62,82624.46,258115.34,131068.37,160195.8,235369.88,43872.72
GradientBoosting,Forecast,2,2026-10-01T03:00:00.000Z,105483.87,67289,141515.41,30175.79,178628.62,63283.77,100515.18,143762.44,37113.21
GradientBoosting,Forecast,3,2026-11-01T03:00:00.000Z,134734.83,96077.27,173821.16,57205.32,212693.11,98825.67,129919.76,195381.64,38871.95
GradientBoosting,Forecast,4,2026-12-01T03:00:00.000Z,128796,88326.85,165045,49967.77,203404.07,86568.07,123309.07,179456.78,38359.07
GradientBoosting,Forecast,5,2027-01-01T03:00:00.000Z,51801.27,14324.42,90327.58,-23677.16,128329.16,9573.34,46544.23,91318.06,38001.58
GradientBoosting,Forecast,6,2027-02-01T03:00:00.000Z,51490.32,12025.51,85073.76,-24498.62,121597.89,8344.87,46003.38,91135.16,36524.13
GradientBoosting,Forecast,7,2027-03-01T03:00:00.000Z,198514.71,158290.94,235576.62,119648.09,274219.47,156036.28,192232.75,258550.49,38642.84
GradientBoosting,Forecast,8,2027-04-01T03:00:00.000Z,59743.18,22361.75,94970.1,-13942.42,131274.27,17262.73,55104.87,99388.02,36304.17
GradientBoosting,Forecast,9,2027-05-01T03:00:00.000Z,98326.29,60183.48,132746.68,23901.87,169028.28,59546.24,93069.25,136604.86,36281.6
GradientBoosting,Forecast,10,2027-06-01T03:00:00.000Z,237316.65,199587.58,274687.42,162037.67,312237.33,201407.49,232501.58,297352.43,37549.92
GradientBoosting,Forecast,11,2027-07-01T03:00:00.000Z,129495.65,90047.59,167059.36,51541.7,205565.25,87017.21,124123.66,189531.43,38505.89
GradientBoosting,Forecast,12,2027-08-01T03:00:00.000Z,140579.34,102188.57,179851.37,63357.16,218682.77,98100.91,136422.39,178872.14,38831.4
,,,,,,,,,,,,
LSTM_Forecast,Histórico,0,2017-01-01T02:00:00.000Z,-104491.94,0,89066.17,0,282624.28,0,-104491.94,143262.44,193558.11
LSTM_Forecast,Histórico,0,2017-02-01T02:00:00.000Z,112652.38,0,306210.49,0,499768.6,0,112652.38,360406.76,193558.11
LSTM_Forecast,Histórico,0,2017-03-01T03:00:00.000Z,73205.36,0,266763.47,0,460321.58,0,73205.36,320959.74,193558.11
LSTM_Forecast,Histórico,0,2017-04-01T03:00:00.000Z,85982.37,0,279540.48,0,473098.59,0,85982.37,333736.75,193558.11
LSTM_Forecast,Histórico,0,2017-05-01T03:00:00.000Z,-82748.1,0,110810.01,0,304368.12,0,-82748.1,165006.28,193558.11
LSTM_Forecast,Histórico,0,2017-06-01T03:00:00.000Z,-36629.42,0,156928.69,0,350486.8,0,-36629.42,211124.96,193558.11
LSTM_Forecast,Histórico,0,2017-07-01T03:00:00.000Z,39596.25,0,233154.36,0,426712.47,0,39596.25,287350.63,193558.11
LSTM_Forecast,Histórico,0,2017-08-01T03:00:00.000Z,81694.88,0,275252.99,0,468811.1,0,81694.88,329449.26,193558.11
LSTM_Forecast,Histórico,0,2017-09-01T03:00:00.000Z,9661.15,0,203219.26,0,396777.37,0,9661.15,257415.53,193558.11
LSTM_Forecast,Histórico,0,2017-10-01T03:00:00.000Z,131959.04,0,325517.15,0,519075.26,0,131959.04,379713.42,193558.11
LSTM_Forecast,Histórico,0,2017-11-01T02:00:00.000Z,140592.48,0,334150.6,0,527708.71,0,140592.48,388346.87,193558.11
LSTM_Forecast,Histórico,0,2017-12-01T02:00:00.000Z,-42323.6,0,151234.51,0,344792.62,0,-42323.6,205430.78,193558.11
LSTM_Forecast,Histórico,0,2018-01-01T02:00:00.000Z,89455.17,0,283013.28,0,476571.39,0,89455.17,337209.55,193558.11
LSTM_Forecast,Histórico,0,2018-02-01T02:00:00.000Z,211915.1,18356.99,405473.21,0,599031.32,0,211915.1,459669.48,193558.11
LSTM_Forecast,Histórico,0,2018-03-01T03:00:00.000Z,325653.07,132094.96,519211.18,0,712769.29,77898.69,325653.07,573407.45,193558.11
LSTM_Forecast,Histórico,0,2018-04-01T03:00:00.000Z,-70261.7,0,123296.41,0,316854.52,0,-70261.7,177492.68,193558.11
LSTM_Forecast,Histórico,0,2018-05-01T03:00:00.000Z,12330.65,0,205888.76,0,399446.87,0,12330.65,260085.03,193558.11
LSTM_Forecast,Histórico,0,2018-06-01T03:00:00.000Z,20860.13,0,214418.24,0,407976.35,0,20860.13,268614.51,193558.11
LSTM_Forecast,Histórico,0,2018-07-01T03:00:00.000Z,226327.96,32769.85,419886.07,0,613444.18,0,226327.96,474082.34,193558.11
LSTM_Forecast,Histórico,0,2018-08-01T03:00:00.000Z,120787.89,0,314346,0,507904.11,0,120787.89,368542.27,193558.11
LSTM_Forecast,Histórico,0,2018-09-01T03:00:00.000Z,107397.16,0,300955.27,0,494513.38,0,107397.16,355151.54,193558.11
LSTM_Forecast,Histórico,0,2018-10-01T03:00:00.000Z,553427.66,359869.55,746985.77,166311.44,940543.88,305673.28,553427.66,801182.04,193558.11
LSTM_Forecast,Histórico,0,2018-11-01T03:00:00.000Z,65741.87,0,259299.98,0,452858.09,0,65741.87,313496.25,193558.11
LSTM_Forecast,Histórico,0,2018-12-01T02:00:00.000Z,156542.64,0,350100.75,0,543658.86,0,156542.64,404297.02,193558.11
LSTM_Forecast,Histórico,0,2019-01-01T02:00:00.000Z,953372.79,759814.68,1146930.9,566256.57,1340489.01,705618.41,953372.79,1201127.17,193558.11
LSTM_Forecast,Histórico,0,2019-02-01T02:00:00.000Z,257736.82,64178.71,451294.93,0,644853.04,9982.44,257736.82,505491.2,193558.11
LSTM_Forecast,Histórico,0,2019-03-01T03:00:00.000Z,-21730.68,0,171827.43,0,365385.54,0,-21730.68,226023.7,193558.11
LSTM_Forecast,Histórico,0,2019-04-01T03:00:00.000Z,24240.59,0,217798.7,0,411356.81,0,24240.59,271994.97,193558.11
LSTM_Forecast,Histórico,0,2019-05-01T03:00:00.000Z,117021.58,0,310579.69,0,504137.8,0,117021.58,364775.96,193558.11
LSTM_Forecast,Histórico,0,2019-06-01T03:00:00.000Z,99137.53,0,292695.64,0,486253.75,0,99137.53,346891.91,193558.11
LSTM_Forecast,Histórico,0,2019-07-01T03:00:00.000Z,170991.96,0,364550.07,0,558108.18,0,170991.96,418746.34,193558.11
LSTM_Forecast,Histórico,0,2019-08-01T03:00:00.000Z,161662.09,0,355220.2,0,548778.31,0,161662.09,409416.48,193558.11
LSTM_Forecast,Histórico,0,2019-09-01T03:00:00.000Z,27171.98,0,220730.09,0,414288.2,0,27171.98,274926.36,193558.11
LSTM_Forecast,Histórico,0,2019-10-01T03:00:00.000Z,-32033.05,0,161525.06,0,355083.17,0,-32033.05,215721.34,193558.11
LSTM_Forecast,Histórico,0,2019-11-01T03:00:00.000Z,84595.65,0,278153.76,0,471711.87,0,84595.65,332350.04,193558.11
LSTM_Forecast,Histórico,0,2019-12-01T03:00:00.000Z,114293.25,0,307851.36,0,501409.47,0,114293.25,362047.63,193558.11
LSTM_Forecast,Histórico,0,2020-01-01T03:00:00.000Z,139719.07,0,333277.18,0,526835.29,0,139719.07,387473.45,193558.11
LSTM_Forecast,Histórico,0,2020-02-01T03:00:00.000Z,-42754.62,0,150803.49,0,344361.6,0,-42754.62,204999.76,193558.11
LSTM_Forecast,Histórico,0,2020-03-01T03:00:00.000Z,20085.56,0,213643.67,0,407201.78,0,20085.56,267839.94,193558.11
LSTM_Forecast,Histórico,0,2020-04-01T03:00:00.000Z,38985.47,0,232543.58,0,426101.69,0,38985.47,286739.85,193558.11
LSTM_Forecast,Histórico,0,2020-05-01T03:00:00.000Z,85145.39,0,278703.5,0,472261.61,0,85145.39,332899.78,193558.11
LSTM_Forecast,Histórico,0,2020-06-01T03:00:00.000Z,92673.8,0,286231.91,0,479790.02,0,92673.8,340428.18,193558.11
LSTM_Forecast,Histórico,0,2020-07-01T03:00:00.000Z,75365.9,0,268924.01,0,462482.12,0,75365.9,323120.28,193558.11
LSTM_Forecast,Histórico,0,2020-08-01T03:00:00.000Z,-65092,0,128466.11,0,322024.22,0,-65092,182662.38,193558.11
LSTM_Forecast,Histórico,0,2020-09-01T03:00:00.000Z,-4330.15,0,189227.96,0,382786.07,0,-4330.15,243424.23,193558.11
LSTM_Forecast,Histórico,0,2020-10-01T03:00:00.000Z,115800.76,0,309358.87,0,502916.98,0,115800.76,363555.14,193558.11
LSTM_Forecast,Histórico,0,2020-11-01T03:00:00.000Z,965368.44,771810.33,1158926.55,578252.22,1352484.66,717614.06,965368.44,1213122.82,193558.11
LSTM_Forecast,Histórico,0,2020-12-01T03:00:00.000Z,106243.08,0,299801.19,0,493359.3,0,106243.08,353997.46,193558.11
LSTM_Forecast,Histórico,0,2021-01-01T03:00:00.000Z,-29179.6,0,164378.51,0,357936.62,0,-29179.6,218574.78,193558.11
LSTM_Forecast,Histórico,0,2021-02-01T03:00:00.000Z,17079.3,0,210637.41,0,404195.52,0,17079.3,264833.68,193558.11
LSTM_Forecast,Histórico,0,2021-03-01T03:00:00.000Z,310296.48,116738.37,503854.59,0,697412.7,62542.1,310296.48,558050.86,193558.11
LSTM_Forecast,Histórico,0,2021-04-01T03:00:00.000Z,247485.79,53927.68,441043.9,0,634602.01,0,247485.79,495240.17,193558.11
LSTM_Forecast,Histórico,0,2021-05-01T03:00:00.000Z,127548.21,0,321106.32,0,514664.43,0,127548.21,375302.59,193558.11
LSTM_Forecast,Histórico,0,2021-06-01T03:00:00.000Z,47607.69,0,241165.8,0,434723.91,0,47607.69,295362.07,193558.11
LSTM_Forecast,Histórico,0,2021-07-01T03:00:00.000Z,-92.54,0,193465.57,0,387023.68,0,-92.54,247661.84,193558.11
LSTM_Forecast,Histórico,0,2021-08-01T03:00:00.000Z,599326.05,405767.94,792884.16,212209.83,986442.27,351571.67,599326.05,847080.43,193558.11
LSTM_Forecast,Histórico,0,2021-09-01T03:00:00.000Z,106040.89,0,299599,0,493157.11,0,106040.89,353795.28,193558.11
LSTM_Forecast,Histórico,0,2021-10-01T03:00:00.000Z,202475.28,8917.17,396033.39,0,589591.5,0,202475.28,450229.66,193558.11
LSTM_Forecast,Histórico,0,2021-11-01T03:00:00.000Z,1186251.42,992693.31,1379809.53,799135.2,1573367.64,938497.04,1186251.42,1434005.8,193558.11
LSTM_Forecast,Histórico,0,2021-12-01T03:00:00.000Z,-51133.66,0,142424.45,0,335982.56,0,-51133.66,196620.72,193558.11
LSTM_Forecast,Histórico,0,2022-01-01T03:00:00.000Z,44793.47,0,238351.58,0,431909.69,0,44793.47,292547.85,193558.11
LSTM_Forecast,Histórico,0,2022-02-01T03:00:00.000Z,82927.15,0,276485.26,0,470043.37,0,82927.15,330681.53,193558.11
LSTM_Forecast,Histórico,0,2022-03-01T03:00:00.000Z,126909.01,0,320467.12,0,514025.23,0,126909.01,374663.39,193558.11
LSTM_Forecast,Histórico,0,2022-04-01T03:00:00.000Z,121111.97,0,314670.08,0,508228.19,0,121111.97,368866.35,193558.11
LSTM_Forecast,Histórico,0,2022-05-01T03:00:00.000Z,777650.01,584091.9,971208.12,390533.79,1164766.23,529895.63,777650.01,1025404.39,193558.11
LSTM_Forecast,Histórico,0,2022-06-01T03:00:00.000Z,76633.6,0,270191.71,0,463749.82,0,76633.6,324387.98,193558.11
LSTM_Forecast,Histórico,0,2022-07-01T03:00:00.000Z,27254.7,0,220812.81,0,414370.92,0,27254.7,275009.08,193558.11
LSTM_Forecast,Histórico,0,2022-08-01T03:00:00.000Z,290628.28,97070.17,484186.39,0,677744.5,42873.9,290628.28,538382.66,193558.11
LSTM_Forecast,Histórico,0,2022-09-01T03:00:00.000Z,88225.61,0,281783.72,0,475341.83,0,88225.61,335979.99,193558.11
LSTM_Forecast,Histórico,0,2022-10-01T03:00:00.000Z,234109.3,40551.19,427667.41,0,621225.52,0,234109.3,481863.68,193558.11
LSTM_Forecast,Histórico,0,2022-11-01T03:00:00.000Z,262715.36,69157.25,456273.48,0,649831.59,14960.98,262715.36,510469.75,193558.11
LSTM_Forecast,Histórico,0,2022-12-01T03:00:00.000Z,-3459.44,0,190098.67,0,383656.78,0,-3459.44,244294.94,193558.11
LSTM_Forecast,Histórico,0,2023-01-01T03:00:00.000Z,274862.8,81304.69,468420.91,0,661979.02,27108.42,274862.8,522617.18,193558.11
LSTM_Forecast,Histórico,0,2023-02-01T03:00:00.000Z,491935.22,298377.11,685493.33,104819,879051.44,244180.84,491935.22,739689.6,193558.11
LSTM_Forecast,Histórico,0,2023-03-01T03:00:00.000Z,126707.03,0,320265.14,0,513823.25,0,126707.03,374461.41,193558.11
LSTM_Forecast,Histórico,0,2023-04-01T03:00:00.000Z,180761.74,0,374319.85,0,567877.96,0,180761.74,428516.12,193558.11
LSTM_Forecast,Histórico,0,2023-05-01T03:00:00.000Z,33137.78,0,226695.89,0,420254,0,33137.78,280892.17,193558.11
LSTM_Forecast,Histórico,0,2023-06-01T03:00:00.000Z,1045229.28,851671.17,1238787.39,658113.06,1432345.5,797474.9,1045229.28,1292983.66,193558.11
LSTM_Forecast,Histórico,0,2023-07-01T03:00:00.000Z,197084.73,3526.62,390642.85,0,584200.96,0,197084.73,444839.12,193558.11
LSTM_Forecast,Histórico,0,2023-08-01T03:00:00.000Z,359978.3,166420.19,553536.41,0,747094.52,112223.92,359978.3,607732.68,193558.11
LSTM_Forecast,Histórico,0,2023-09-01T03:00:00.000Z,455494.37,261936.26,649052.48,68378.15,842610.59,207739.99,455494.37,703248.75,193558.11
LSTM_Forecast,Histórico,0,2023-10-01T03:00:00.000Z,69257.16,0,262815.27,0,456373.38,0,69257.16,317011.54,193558.11
LSTM_Forecast,Histórico,0,2023-11-01T03:00:00.000Z,801190.42,607632.31,994748.53,414074.2,1188306.64,553436.04,801190.42,1048944.8,193558.11
LSTM_Forecast,Histórico,0,2023-12-01T03:00:00.000Z,112178.38,0,305736.49,0,499294.6,0,112178.38,359932.76,193558.11
LSTM_Forecast,Histórico,0,2024-01-01T03:00:00.000Z,143097.2,0,336655.31,0,530213.42,0,143097.2,390851.58,193558.11
LSTM_Forecast,Histórico,0,2024-02-01T03:00:00.000Z,167749.17,0,361307.28,0,554865.39,0,167749.17,415503.55,193558.11
LSTM_Forecast,Histórico,0,2024-03-01T03:00:00.000Z,176870.86,0,370428.97,0,563987.08,0,176870.86,424625.24,193558.11
LSTM_Forecast,Histórico,0,2024-04-01T03:00:00.000Z,14154.93,0,207713.04,0,401271.15,0,14154.93,261909.31,193558.11
LSTM_Forecast,Histórico,0,2024-05-01T03:00:00.000Z,25039.6,0,218597.71,0,412155.82,0,25039.6,272793.98,193558.11
LSTM_Forecast,Histórico,0,2024-06-01T03:00:00.000Z,236792.06,43233.95,430350.17,0,623908.28,0,236792.06,484546.44,193558.11
LSTM_Forecast,Histórico,0,2024-07-01T03:00:00.000Z,157295.91,0,350854.02,0,544412.13,0,157295.91,405050.29,193558.11
LSTM_Forecast,Histórico,0,2024-08-01T03:00:00.000Z,715439.81,521881.7,908997.93,328323.59,1102556.04,467685.43,715439.81,963194.2,193558.11
LSTM_Forecast,Histórico,0,2024-09-01T03:00:00.000Z,-54334.16,0,139223.95,0,332782.06,0,-54334.16,193420.22,193558.11
LSTM_Forecast,Histórico,0,2024-10-01T03:00:00.000Z,18991.64,0,212549.75,0,406107.86,0,18991.64,266746.02,193558.11
LSTM_Forecast,Histórico,0,2024-11-01T03:00:00.000Z,159328.44,0,352886.55,0,546444.66,0,159328.44,407082.82,193558.11
LSTM_Forecast,Histórico,0,2024-12-01T03:00:00.000Z,240199.07,46640.96,433757.18,0,627315.29,0,240199.07,487953.45,193558.11
LSTM_Forecast,Histórico,0,2025-01-01T03:00:00.000Z,1946667.17,1753109.06,2140225.28,1559550.95,2333783.39,1698912.79,1946667.17,2194421.55,193558.11
LSTM_Forecast,Histórico,0,2025-02-01T03:00:00.000Z,277500.36,83942.25,471058.47,0,664616.58,29745.98,277500.36,525254.74,193558.11
LSTM_Forecast,Histórico,0,2025-03-01T03:00:00.000Z,-41215.51,0,152342.6,0,345900.71,0,-41215.51,206538.87,193558.11
LSTM_Forecast,Histórico,0,2025-04-01T03:00:00.000Z,8136.04,0,201694.15,0,395252.26,0,8136.04,255890.42,193558.11
LSTM_Forecast,Histórico,0,2025-05-01T03:00:00.000Z,146654.67,0,340212.78,0,533770.89,0,146654.67,394409.05,193558.11
LSTM_Forecast,Histórico,0,2025-06-01T03:00:00.000Z,288557.45,94999.34,482115.56,0,675673.67,40803.07,288557.45,536311.83,193558.11
LSTM_Forecast,Histórico,0,2025-07-01T03:00:00.000Z,243736.33,50178.22,437294.44,0,630852.55,0,243736.33,491490.71,193558.11
LSTM_Forecast,Histórico,0,2025-08-01T03:00:00.000Z,56700.5,0,250258.61,0,443816.72,0,56700.5,304454.88,193558.11
LSTM_Forecast,Backtest,1,2025-09-01T03:00:00.000Z,140791.91,0,334350.02,0,527908.13,0,140791.91,388546.29,193558.11
LSTM_Forecast,Backtest,2,2025-10-01T03:00:00.000Z,145472.16,0,339030.27,0,532588.38,0,145472.16,393226.54,193558.11
LSTM_Forecast,Backtest,3,2025-11-01T03:00:00.000Z,115085.62,0,308643.74,0,502201.85,0,115085.62,362840.01,193558.11
LSTM_Forecast,Backtest,4,2025-12-01T03:00:00.000Z,142734.14,0,336292.25,0,529850.36,0,142734.14,390488.52,193558.11
LSTM_Forecast,Backtest,5,2026-01-01T03:00:00.000Z,106816.65,0,300374.76,0,493932.87,0,106816.65,354571.03,193558.11
LSTM_Forecast,Backtest,6,2026-02-01T03:00:00.000Z,143714.97,0,337273.08,0,530831.19,0,143714.97,391469.35,193558.11
LSTM_Forecast,Backtest,7,2026-03-01T03:00:00.000Z,114547.82,0,308105.93,0,501664.04,0,114547.82,362302.2,193558.11
LSTM_Forecast,Backtest,8,2026-04-01T03:00:00.000Z,118453.98,0,312012.09,0,505570.2,0,118453.98,366208.37,193558.11
LSTM_Forecast,Backtest,9,2026-05-01T03:00:00.000Z,123595.3,0,317153.41,0,510711.52,0,123595.3,371349.68,193558.11
LSTM_Forecast,Backtest,10,2026-06-01T03:00:00.000Z,108758.39,0,302316.5,0,495874.61,0,108758.39,356512.77,193558.11
LSTM_Forecast,Backtest,11,2026-07-01T03:00:00.000Z,144009.89,0,337568,0,531126.11,0,144009.89,391764.27,193558.11
LSTM_Forecast,Backtest,12,2026-08-01T03:00:00.000Z,127182.7,0,320740.81,0,514298.92,0,127182.7,374937.08,193558.11
LSTM_Forecast,Forecast,1,2026-09-01T03:00:00.000Z,146697.42,0,340255.53,0,533813.62,0,140765.73,399810.48,193558.11
LSTM_Forecast,Forecast,2,2026-10-01T03:00:00.000Z,160002.64,0,353560.75,0,547118.88,0,162868.52,417609.94,193558.11
LSTM_Forecast,Forecast,3,2026-11-01T03:00:00.000Z,108047.45,0,301605.56,0,495163.69,0,113565.17,357485.88,193558.11
LSTM_Forecast,Forecast,4,2026-12-01T03:00:00.000Z,148300.3,0,341858.41,0,535416.5,0,158534.23,381279.77,193558.11
LSTM_Forecast,Forecast,5,2027-01-01T03:00:00.000Z,128870.28,0,322428.38,0,515986.5,0,137183.84,384609.51,193558.11
LSTM_Forecast,Forecast,6,2027-02-01T03:00:00.000Z,134427.53,0,327985.62,0,521543.75,0,123411.07,395003.76,193558.11
LSTM_Forecast,Forecast,7,2027-03-01T03:00:00.000Z,139319.17,0,332877.28,0,526435.38,0,129130.76,368740.28,193558.11
LSTM_Forecast,Forecast,8,2027-04-01T03:00:00.000Z,121349.22,0,314907.31,0,508465.44,0,116251.9,358247.29,193558.11
LSTM_Forecast,Forecast,9,2027-05-01T03:00:00.000Z,132335.73,0,325893.84,0,519451.94,0,142767.28,391450.28,193558.11
LSTM_Forecast,Forecast,10,2027-06-01T03:00:00.000Z,107445.84,0,301003.94,0,494562.06,0,111053.64,367421.44,193558.11
LSTM_Forecast,Forecast,11,2027-07-01T03:00:00.000Z,169813.06,0,363371.19,0,556929.25,0,157752.92,409492.91,193558.11
LSTM_Forecast,Forecast,12,2027-08-01T03:00:00.000Z,133364.34,0,326922.44,0,520480.56,0,145595.9,397812.59,193558.11
,,,,,,,,,,,,
"Bootstrap n=1000 (Prophet/UC n=200, GBR n=300). IC 1σ ≈ 68%, IC 2σ ≈ 95%. Backtest: IC aproximado usando desvio do bootstrap futuro como proxy. Forecast: IC direto dos caminhos bootstrap.",,,,,,,,,,,,
